"Идентификатор";"Наименование УБИ";"Объект воздействия (источник)";"Применимость";"Тематика";"Область исключённой угрозы (анализ)";"Программный объект (анализ)";"Обоснование отбора (анализ)";"Почему не подходит для ПО (анализ)";"Условие применимости (анализ)";"Описание (источник)";"Источник угрозы";"Нарушение конфиденциальности";"Нарушение целостности";"Нарушение доступности";"Статус угрозы";"Дата включения";"Дата изменения";"Замечания";"Источник"
"УБИ.003";"Угроза использования слабостей криптографических алгоритмов и уязвимостей в программном обеспечении их реализации";"Метаданные, системное программное обеспечение";"Прямая";"Код и выполнение";"";"Криптографические алгоритмы и их программная реализация";"Описание прямо связывает угрозу с ошибками криптографического кода, алгоритмов и параметров их настройки.";"";"ПО реализует или использует криптографические функции; нарушителю известны применяемые средства и параметры.";"Угроза заключается в возможности выявления слабых мест в криптографических алгоритмах или уязвимостей в реализующем их программном обеспечении.
Данная угроза обусловлена слабостями криптографических алгоритмов, а также ошибками в программном коде криптографических средств, их сопряжении с системой или параметрах их настройки.
Реализация угрозы возможна в случае наличия у нарушителя сведений об применяемых в системе средствах шифрования, реализованных в них алгоритмах шифрования и параметрах их настройки";"Внешний нарушитель со средним потенциалом; Внутренний нарушитель со средним потенциалом";"1";"1";"0";"Опубликована";"2015-03-20 00:00:00";"2020-11-29 00:00:00";"";"thrlist.xlsx · Sheet · строка 5"
"УБИ.005";"Угроза внедрения вредоносного кода в BIOS";"Микропрограммное и аппаратное обеспечение BIOS/UEFI";"Для отдельных классов ПО";"Системное ПО";"";"Код BIOS/UEFI и механизм обновления прошивки";"Программная ветвь сценария — установка прошивки с вредоносным кодом через механизм обновления.";"";"Объект анализа — BIOS/UEFI или его обновляющее ПО; рассматривается установка заражённого обновления, а не замена микросхемы.";"Угроза заключается в возможности заставить BIOS/UEFI выполнять вредоносный код при каждом запуске компьютера, внедрив его в BIOS/UEFI путём замены микросхемы BIOS/UEFI или обновления программного обеспечения BIOS/UEFI на версию, уже содержащую вредоносный код.
Данная угроза обусловлена слабостями технологий контроля за обновлением программного обеспечения BIOS/UEFI и заменой чипсета BIOS/UEFI.
Реализация данной угрозы возможна в ходе проведения ремонта и обслуживания компьютера";"Внутренний нарушитель с высоким потенциалом";"1";"1";"1";"Опубликована";"2015-03-20 00:00:00";"2019-02-08 00:00:00";"";"thrlist.xlsx · Sheet · строка 7"
"УБИ.006";"Угроза внедрения кода или данных";"Системное программное обеспечение, прикладное программное обеспечение, сетевое программное обеспечение";"Прямая";"Код и выполнение";"";"Исполняемый код и входные данные приложения";"Внедрение кода или данных непосредственно использует уязвимости ПО и недостатки разграничения доступа.";"";"ПО принимает недоверенные файлы или данные либо допускает установку кода; для IoT возможна отдельная ветвь с заводскими учётными данными.";"Угроза заключается в возможности внедрения нарушителем в дискредитируемую информационную систему или IoT-устройство вредоносного кода, который может быть в дальнейшем запущен «вручную» пользователями, автоматически при выполнении определённого условия (наступления определённой даты, входа пользователя в систему и т.п.) или с использованием аутентификационных данных, заданных «по умолчанию», а также в возможности несанкционированного внедрения нарушителем некоторых собственных данных для обработки в дискредитируемую информационную систему, фактически осуществив незаконное использование чужих вычислительных ресурсов, и блокирования работы устройства при выполнении определенных команд.
Данная угроза обусловлена:
наличием уязвимостей программного обеспечения;
слабостями мер антивирусной защиты и разграничения доступа;
наличием открытого Telnet-порта на IoT-устройстве (только для IoT-устройств).
Реализация данной угрозы возможна:
в случае работы дискредитируемого пользователя с файлами, поступающими из недоверенных источников;
при наличии у него привилегий установки программного обеспечения;
в случае неизмененных владельцем учетных данных IoT-устройства (заводских пароля и логина)";"Внешний нарушитель с низким потенциалом";"1";"1";"1";"Опубликована";"2015-03-20 00:00:00";"2019-02-08 00:00:00";"";"thrlist.xlsx · Sheet · строка 8"
"УБИ.007";"Угроза воздействия на программы с высокими привилегиями";"Информационная система, виртуальная машина, сетевое программное обеспечение, сетевой трафик";"Прямая";"Код и выполнение";"";"Программа с повышенными привилегиями и обработчик входных данных";"Ошибки программы позволяют выполнить произвольный код с её повышенными привилегиями.";"";"Программа работает с повышенными правами и принимает данные, которыми может управлять нарушитель.";"Угроза заключается в возможности повышения нарушителем своих привилегий в дискредитированной системе (получения привилегии дискредитированных программ) путём использования ошибок в программах и выполнения произвольного кода с их привилегиями.
Данная угроза обусловлена слабостями механизма проверки входных данных и команд, а также мер по разграничению доступа.
Реализация данной угрозы возможна при условиях:
обладания дискредитируемой программой повышенными привилегиями в системе;
осуществления дискредитируемой программой приёма входных данных от других программ или от пользователя;
нарушитель имеет возможность осуществлять передачу данных к дискредитируемой программе";"Внешний нарушитель со средним потенциалом; Внутренний нарушитель со средним потенциалом";"1";"1";"0";"Опубликована";"2015-03-20 00:00:00";"2019-02-08 00:00:00";"";"thrlist.xlsx · Sheet · строка 9"
"УБИ.008";"Угроза восстановления и/или повторного использования аутентификационной информации";"Системное программное обеспечение, микропрограммное обеспечение, учётные данные пользователя";"Прямая";"Доступ и учетные данные";"";"Механизм аутентификации, пароли и их хэши";"Подбор или повторное использование аутентификационных данных затрагивает программную аутентификацию.";"";"ПО аутентифицирует пользователей по паролям или хэшам и допускает их подбор либо повторное предъявление.";"Угроза заключается в возможности доступа к данным пользователя в результате подбора (например, путём полного перебора или перебора по словарю) аутентификационной информации дискредитируемой учётной записи пользователя в системе, а также путём перехвата и повторного использования хэша пароля, для восстановления сеанса.
Данная угроза обусловлена следующими недостатками:
значительно меньшим объёмом данных хеш-кода аутентификационной информации по сравнению с ней самой (время подбора хеш-кодов меньше времени полного перебора аутентификационной информации); 
слабостями алгоритма расчёта хеш-кода, допускающими его повторное использование для выполнения успешной аутентификации.
Реализация данной угрозы возможна с помощью специальных программных средств, а также в некоторых случаях – «вручную»";"Внешний нарушитель с низким потенциалом; Внутренний нарушитель с низким потенциалом";"1";"0";"0";"Опубликована";"2015-03-20 00:00:00";"2019-11-15 00:00:00";"";"thrlist.xlsx · Sheet · строка 10"
"УБИ.009";"Угроза восстановления предыдущей уязвимой версии BIOS";"Микропрограммное обеспечение BIOS/UEFI";"Для отдельных классов ПО";"Системное ПО";"";"Механизм обновления и отката BIOS/UEFI";"Откат программной прошивки возвращает известные уязвимости из предыдущей версии.";"";"Анализируется BIOS/UEFI с сохранением предыдущей версии и процедурой отката после сбоя.";"Угроза заключается в возможности осуществления вынужденного перехода на использование BIOS/UEFI, содержащей уязвимости.
Данная угроза обусловлена слабостями технологий контроля за обновлением программного обеспечения BIOS/UEFI.
При использовании технологии обновления BIOS/UEFI возможно возникновение следующей ситуации (условия, характеризующие ситуацию указаны в хронологическом порядке): 
на компьютере установлена некоторая версия BIOS/UEFI, для которой на момент её работы не известны уязвимости; 
в силу некоторых обстоятельств BIOS/UEFI проходит процедуру обновления, сохраняя при этом предыдущую версию BIOS/UEFI на случай «отката» системы; 
публикуются данные о существовании уязвимостей в предыдущей версии BIOS/UEFI; 
происходит сбой в работе системы, в результате чего текущая (новая) версия BIOS/UEFI становится неработоспособной (например, нарушается её целостность);
пользователь осуществляет штатную процедуру восстановления работоспособности системы – проводит «откат» системы к предыдущему работоспособному состоянию";"Внутренний нарушитель с низким потенциалом";"1";"1";"1";"Опубликована";"2015-03-20 00:00:00";"2019-02-08 00:00:00";"";"thrlist.xlsx · Sheet · строка 11"
"УБИ.010";"Угроза выхода процесса за пределы виртуальной машины";"Информационная система, сетевой узел, носитель информации, объекты файловой системы, учётные данные пользователя, образ виртуальной машины";"Для отдельных классов ПО";"Виртуализация и контейнеры";"";"Гипервизор и изоляция виртуальной среды";"Угроза прямо использует уязвимости кода гипервизора и нарушение границ виртуальной среды.";"";"ПО реализует гипервизор или включает его в анализируемый компонент; возможен запуск вредоносного кода и нижележащего гипервизора.";"Угроза заключается в возможности запуска вредоносной программой собственного гипервизора, функционирующего по уровню логического взаимодействия ниже компрометируемого гипервизора.
Данная угроза обусловлена уязвимостями программного обеспечения гипервизора, реализующего функцию изолированной программной среды для функционирующих в ней программ, а также слабостями инструкций аппаратной поддержки виртуализации на уровне процессора.
Реализация данной угрозы приводит не только к компрометации гипервизора, но и запущенных в созданной им виртуальной среде средств защиты, а, следовательно, к их неспособности выполнять функции безопасности в отношении вредоносных программ, функционирующих под управлением собственного гипервизора";"Внешний нарушитель со средним потенциалом; Внутренний нарушитель со средним потенциалом";"1";"1";"1";"Опубликована";"2015-03-20 00:00:00";"2019-02-08 00:00:00";"";"thrlist.xlsx · Sheet · строка 12"
"УБИ.012";"Угроза деструктивного изменения конфигурации/среды окружения программ";"Системное программное обеспечение, прикладное программное обеспечение, сетевое программное обеспечение, микропрограммное обеспечение, метаданные, объекты файловой системы, реестр";"Прямая";"Код и выполнение";"";"Конфигурационные файлы, библиотеки и окружение приложения";"Подмена конфигурации или библиотек меняет поведение конкретного приложения.";"";"Нарушитель может записывать используемые приложением файлы либо перенаправлять обращения к ним; контроль целостности недостаточен.";"Угроза заключается в возможности деструктивного программного воздействия на дискредитируемое приложение путём осуществления манипуляций с используемыми им конфигурационными файлами или библиотеками.
Данная угроза обусловлена слабостями мер контроля целостности конфигурационных файлов или библиотек, используемых приложениями.
Реализация данной угрозы возможна в случае наличия у нарушителя прав осуществления записи в файловые объекты, связанные с конфигурацией/средой окружения программы, или возможности перенаправления запросов дискредитируемой программы от защищённых файловых объектов к ложным";"Внутренний нарушитель с низким потенциалом";"1";"1";"1";"Опубликована";"2015-03-20 00:00:00";"2019-02-08 00:00:00";"";"thrlist.xlsx · Sheet · строка 14"
"УБИ.013";"Угроза деструктивного использования декларированного функционала BIOS";"Микропрограммное обеспечение BIOS/UEFI";"Для отдельных классов ПО";"Системное ПО";"";"Функции тестирования и обслуживания в BIOS/UEFI";"Неправомерное использование функций прошивки нарушает целостность обрабатываемой информации.";"";"Объект анализа — BIOS/UEFI с функциями обслуживания памяти, RAID или иными административными функциями.";"Угроза заключается в возможности неправомерного использования декларированного функционала BIOS/UEFI для нарушения целостности информации, хранимой на внешних носителях информации и в оперативном запоминающем устройстве компьютера.
Данная угроза обусловлена уязвимостями программного обеспечения BIOS/UEFI, предназначенного для тестирования и обслуживания компьютера (средств проверки целостности памяти, программного обеспечения управления RAID-контроллером и т.п.).
Реализации данной угрозы может способствовать возможность обновления некоторых BIOS/UEFI без прохождения аутентификации";"Внутренний нарушитель с низким потенциалом";"0";"1";"0";"Опубликована";"2015-03-20 00:00:00";"2019-02-08 00:00:00";"";"thrlist.xlsx · Sheet · строка 15"
"УБИ.014";"Угроза длительного удержания вычислительных ресурсов пользователями";"Информационная система, сетевой узел, носитель информации, системное программное обеспечение, сетевое программное обеспечение, сетевой трафик";"Прямая";"Код и выполнение";"";"Обработчики запросов и механизм распределения ресурсов";"Уязвимости программного распределения ресурсов позволяют удерживать их и блокировать обслуживание пользователей.";"";"Нарушитель может отправлять длительные или многочисленные запросы; ПО распределяет ограниченные вычислительные ресурсы между задачами.";"Угроза заключается в возможности ограничения нарушителем доступа конечных пользователей к вычислительному ресурсу за счёт принудительного удержания его в загруженном состоянии путём осуществления им многократного выполнения определённых деструктивных действий или эксплуатации уязвимостей программ, распределяющих вычислительные ресурсы между задачами. 
Данная угроза обусловлена слабостями механизмов балансировки нагрузки и распределения вычислительных ресурсов.
Реализация угрозы возможна в случае, если у нарушителя имеется возможность делать запросы, которые в совокупности требуют больше времени на выполнение, чем запросы пользователя";"Внешний нарушитель с низким потенциалом; Внутренний нарушитель с низким потенциалом";"0";"0";"1";"Опубликована";"2015-03-20 00:00:00";"2019-02-08 00:00:00";"";"thrlist.xlsx · Sheet · строка 16"
"УБИ.015";"Угроза доступа к защищаемым файлам с использованием обходного пути";"Объекты файловой системы";"Прямая";"Данные и файлы";"";"Обработка файловых путей и разграничение доступа к файлам";"Манипуляция путём позволяет приложению обращаться к защищённым файлам вне разрешённой области.";"";"ПО принимает управляемые пользователем пути и имеет права на файлы, доступ к которым этому пользователю не разрешён.";"Угроза заключается в возможности получения нарушителем доступа к скрытым/защищаемым каталогам или файлам посредством различных воздействий на файловую систему (добавление дополнительных символов в указании пути к файлу; обращение к файлам, которые явно не указаны в окне приложения). 
Данная угроза обусловлена слабостями механизма разграничения доступа к объектам файловой системы.
Реализация данной угрозы возможна при условиях:
наличие у нарушителя прав доступа к некоторым объектам файловой системы;
отсутствие проверки вводимых пользователем данных;
наличие у дискредитируемой программы слишком высоких привилегий доступа к файлам, обработка которых не предполагается с её помощью";"Внешний нарушитель с низким потенциалом; Внутренний нарушитель с низким потенциалом";"1";"0";"0";"Опубликована";"2015-03-20 00:00:00";"2019-02-08 00:00:00";"";"thrlist.xlsx · Sheet · строка 17"
"УБИ.016";"Угроза доступа к локальным файлам сервера при помощи URL";"Сетевое программное обеспечение";"Для отдельных классов ПО";"Веб и сетевые сервисы";"";"Браузер: обработка URL и доступа к локальным файлам";"В описании уязвимым компонентом является браузер, смешивающий URL-запросы и обращения к файловой системе.";"";"Анализируется браузер или встроенный браузерный компонент, принимающий запросы нарушителя и имеющий доступ к локальным файлам.";"Угроза заключается в возможности передачи нарушителем дискредитируемому браузеру запроса на доступ к файловой системе пользователя вместо URL-запроса. При этом браузер выполнит этот запрос с правами, которыми он был наделён при запуске, и передаст данные, полученные в результате выполнения этой операции, нарушителю.
Данная угроза обусловлена слабостями механизма проверки вводимых пользователем запросов, который не делает различий между запросами на доступ к файловой системе и URL-запросами.
Реализация данной угрозы возможна в случае наличия у нарушителя привилегий на отправку запросов браузеру, функционирующему в дискредитируемой системе";"Внешний нарушитель со средним потенциалом";"1";"0";"0";"Опубликована";"2015-03-20 00:00:00";"2019-02-08 00:00:00";"";"thrlist.xlsx · Sheet · строка 18"
"УБИ.017";"Угроза доступа/перехвата/изменения HTTP cookies";"Прикладное программное обеспечение, сетевое программное обеспечение";"Прямая";"Доступ и учетные данные";"";"Cookies, сеансы и проверка их целостности";"Чтение или изменение cookies компрометирует учётные данные и сеансы приложения.";"";"ПО использует HTTP cookies для защищаемых данных или сеансов; нарушитель может получить доступ к их хранению или передаче.";"Угроза заключается в возможности осуществления нарушителем несанкционированного доступа к защищаемой информации (учётным записям пользователей, сертификатам и т.п.), содержащейся в cookies-файлах, во время их хранения или передачи, в режиме чтения (раскрытие конфиденциальности) или записи (внесение изменений для реализации угрозы подмены доверенного пользователя).
Данная угроза обусловлена слабостями мер защиты cookies-файлов: отсутствием проверки вводимых данных со стороны сетевой службы, использующей cookies-файлы, а также отсутствием шифрования при передаче cookies-файлов.
Реализация данной угрозы возможна при условиях осуществления нарушителем успешного несанкционированного доступа к cookies-файлам и отсутствии проверки целостности их значений со стороны дискредитируемого приложения";"Внешний нарушитель с низким потенциалом";"1";"0";"1";"Опубликована";"2015-03-20 00:00:00";"2019-02-08 00:00:00";"";"thrlist.xlsx · Sheet · строка 19"
"УБИ.018";"Угроза загрузки нештатной операционной системы";"Микропрограммное обеспечение BIOS/UEFI";"Для отдельных классов ПО";"Системное ПО";"";"Настройки загрузки операционной системы в BIOS/UEFI";"Изменение программной конфигурации загрузки позволяет подменить операционную систему.";"";"Анализируется BIOS/UEFI или управление загрузкой ОС; нарушителю доступен параметр источника загрузки.";"Угроза заключается в возможности подмены нарушителем загружаемой операционной системы путём несанкционированного переконфигурирования в BIOS/UEFI пути доступа к загрузчику операционной системы.
Данная угроза обусловлена слабостями технологий разграничения доступа к управлению BIOS/UEFI.
Реализация данной угрозы возможна при условии доступности нарушителю следующего параметра настройки BIOS/UEFI – указания источника загрузки операционной системы";"Внутренний нарушитель с низким потенциалом";"1";"1";"1";"Опубликована";"2015-03-20 00:00:00";"2019-02-08 00:00:00";"";"thrlist.xlsx · Sheet · строка 20"
"УБИ.019";"Угроза заражения DNS-кеша";"Сетевой узел, сетевое программное обеспечение, сетевой трафик";"Для отдельных классов ПО";"Веб и сетевые сервисы";"";"DNS-сервер, резолвер и DNS-кеш";"Эксплуатация уязвимостей DNS-сервера или слабой проверки ответов позволяет отравить кеш.";"";"ПО реализует DNS-сервер или кеширующий резолвер; нарушитель может направлять ему запросы или поддельные ответы.";"Угроза заключается в возможности перенаправления нарушителем сетевого трафика через собственный сетевой узел путём опосредованного изменения таблиц соответствия IP- и доменных имён, хранимых в DNS-сервере, за счёт генерации лавины возможных ответов на запрос DNS-сервера легальному пользователю или за счёт эксплуатации уязвимостей DNS-сервера. 
Данная угроза обусловлена слабостями механизмов проверки подлинности субъектов сетевого взаимодействия, а также уязвимостями DNS-сервера, позволяющими напрямую заменить DNS-кеш DNS-сервера.
Реализация данной угрозы возможна в случае наличия у нарушителя привилегий, достаточных для отправки сетевых запросов к DNS-серверу";"Внешний нарушитель с низким потенциалом";"1";"0";"0";"Опубликована";"2015-03-20 00:00:00";"2019-02-08 00:00:00";"";"thrlist.xlsx · Sheet · строка 21"
"УБИ.022";"Угроза избыточного выделения оперативной памяти";"Аппаратное обеспечение, системное программное обеспечение, сетевое программное обеспечение";"Для отдельных классов ПО";"Системное ПО";"";"Менеджер памяти и контроль выделения оперативной памяти";"Недостатки программного контроля выделения памяти позволяют вредоносным процессам исчерпать общий ресурс.";"";"Объект анализа — ОС, среда исполнения или иной компонент, выделяющий память разным программам; вредоносная программа уже запущена.";"Угроза заключается в возможности выделения значительных ресурсов оперативной памяти для обслуживания запросов вредоносных программ и соответственного снижения объёма ресурсов оперативной памяти, доступных в системе для выделения в ответ на запросы программ легальных пользователей.
Данная угроза обусловлена наличием слабостей механизма контроля выделения оперативной памяти различным программам.
Реализация данной угрозы возможна при условии нахождения вредоносного программного обеспечения в системе в активном состоянии";"Внешний нарушитель с низким потенциалом; Внутренний нарушитель с низким потенциалом";"0";"0";"1";"Опубликована";"2015-03-20 00:00:00";"2019-02-08 00:00:00";"";"thrlist.xlsx · Sheet · строка 24"
"УБИ.025";"Угроза изменения системных и глобальных переменных";"Системное программное обеспечение, прикладное программное обеспечение, сетевое программное обеспечение";"Прямая";"Код и выполнение";"";"Разделяемая память, системные и глобальные переменные приложения";"Изменение внешних переменных влияет на выполнение программ из-за отсутствия контроля доступа и целостности.";"";"ПО использует изменяемые системные или глобальные переменные, к которым нарушитель способен получить доступ.";"Угроза заключается в возможности осуществления нарушителем опосредованного деструктивного программного воздействия на некоторые программы или систему в целом путём изменения используемых дискредитируемыми программами единых системных и глобальных переменных.
Данная угроза обусловлена слабостями механизма контроля доступа к разделяемой памяти, а также уязвимостями программных модулей приложений, реализующих контроль целостности внешних переменных.
Реализация данной угрозы возможна при условиях осуществления нарушителем успешного несанкционированного доступа к системным и глобальным переменным и отсутствии проверки целостности их значений со стороны дискредитируемого приложения";"Внутренний нарушитель со средним потенциалом";"1";"1";"1";"Опубликована";"2015-03-20 00:00:00";"2019-02-08 00:00:00";"";"thrlist.xlsx · Sheet · строка 27"
"УБИ.026";"Угроза искажения XML-схемы";"Сетевой узел, сетевое программное обеспечение, сетевой трафик";"Прямая";"Данные и файлы";"";"XML-схемы и обработчики XML приложения";"Подмена XML-схемы изменяет обработку данных приложением и может вызвать отказ в обслуживании.";"";"Приложение использует XML-схемы, передаваемые между клиентом и сервером; нарушитель может изменить передачу при недостаточном контроле целостности.";"Угроза заключается в возможности изменения нарушителем алгоритма обработки информации приложениями, функционирующими на основе XML-схем, вплоть до приведения приложения в состояние ""отказ в обслуживании"", путём изменения XML-схемы, передаваемой между клиентом и сервером.
Данная угроза обусловлена слабостями мер обеспечения целостности передаваемых при клиент-серверном взаимодействии данных, а также слабостями механизма сетевого взаимодействия открытых систем.
Реализация данной угрозы возможна при условиях осуществления нарушителем успешного несанкционированного доступа к сетевому трафику, передаваемому между клиентом и сервером и отсутствии проверки целостности XML-схемы со стороны дискредитируемого приложения";"Внешний нарушитель со средним потенциалом; Внутренний нарушитель со средним потенциалом";"0";"1";"1";"Опубликована";"2015-03-20 00:00:00";"2019-02-08 00:00:00";"";"thrlist.xlsx · Sheet · строка 28"
"УБИ.027";"Угроза искажения вводимой и выводимой на периферийные устройства информации";"Системное программное обеспечение, прикладное программное обеспечение, сетевое программное обеспечение, аппаратное обеспечение";"Для отдельных классов ПО";"Системное ПО";"";"Программный тракт ввода-вывода и драйверы устройств";"Программная ветвь прямо предусматривает подмену вводимых или отображаемых данных вредоносным ПО, включая виртуальные драйверы.";"";"Анализируется ПО ввода-вывода или драйверы, отвечающие за достоверность данных периферии; в среде уже действует вредоносное ПО. Аппаратные закладки и технологический процесс вне этой ветви.";"Угроза заключается в возможности дезинформирования пользователей или автоматических систем управления путём подмены или искажения исходных данных, поступающих от датчиков, клавиатуры или других устройств ввода информации, а также подмены или искажения информации, выводимой на принтер, дисплей оператора или на другие периферийные устройства.
Данная угроза обусловлена слабостями мер антивирусной защиты и контроля достоверности входных и выходных данных, а также ошибками, допущенными в ходе проведения специальных проверок аппаратных средств вычислительной техники.
Реализация данной угрозы возможна при условии наличия в дискредитируемой информационной системе вредоносного программного обеспечения (например, виртуальных драйверов устройств) или аппаратных закладок";"Внешний нарушитель с высоким потенциалом; Внутренний нарушитель с низким потенциалом";"0";"1";"0";"Опубликована";"2015-03-20 00:00:00";"2019-02-08 00:00:00";"";"thrlist.xlsx · Sheet · строка 29"
"УБИ.028";"Угроза использования альтернативных путей доступа к ресурсам";"Сетевой узел, объекты файловой системы, прикладное программное обеспечение, системное программное обеспечение";"Прямая";"Доступ и учетные данные";"";"Альтернативные интерфейсы приложения и проверка прав доступа";"Обход штатного интерфейса позволяет получить доступ к данным при несогласованном разграничении доступа.";"";"Приложение имеет альтернативные способы обращения к ресурсам, например CLI или адресную строку, доступные нарушителю.";"Угроза заключается в возможности осуществления нарушителем несанкционированного доступа к защищаемой информации в обход штатных механизмов с помощью нестандартных интерфейсов (в том числе доступа через командную строку в обход графического интерфейса).
Данная угроза обусловлена слабостями мер разграничения доступа к защищаемой информации, слабостями фильтрации входных данных.
Реализация данной угрозы возможна при условии наличия у нарушителя:
возможности ввода произвольных данных в адресную строку;
сведений о пути к защищаемому ресурсу;
возможности изменения интерфейса ввода входных данных";"Внешний нарушитель с низким потенциалом; Внутренний нарушитель с низким потенциалом";"1";"0";"0";"Опубликована";"2015-03-20 00:00:00";"2019-02-08 00:00:00";"";"thrlist.xlsx · Sheet · строка 30"
"УБИ.029";"Угроза использования вычислительных ресурсов суперкомпьютера «паразитными» процессами";"Вычислительные узлы суперкомпьютера";"Для отдельных классов ПО";"Системное ПО";"";"Завершение заданий и очистка остаточных процессов в системном ПО суперкомпьютера";"Источник связывает исчерпание ресурсов с недостаточным завершением и удалением процессов-потомков выполненных заданий и вредоносных процессов. Это функция программного управления процессами; специализация на суперкомпьютере ограничивает класс ПО, но не исключает программную применимость.";"";"Анализируется системное ПО суперкомпьютера, отвечающее за завершение заданий и очистку оставшихся процессов. Выполненные задачи завершаются некорректно либо в памяти продолжают работать вредоносные процессы, потребляющие ресурсы параллельных вычислений.";"Угроза заключается в возможности существенного снижения производительности вычислительного поля суперкомпьютера и эффективности выполнения на нём текущих параллельных вычислений из-за потребления вычислительных ресурсов суперкомпьютера «паразитными» процессами («процессами-потомками» предыдущих заданий или процессами, запущенными вредоносным программным обеспечением).
Данная угроза обусловлена слабостями мер очистки памяти от «процессов-потомков» завершённых заданий, а также процессов, запущенных вредоносным программным обеспечением.
Реализация данной угрозы возможна при условии некорректного завершения выполненных задач или наличия вредоносных процессов в памяти суперкомпьютера в активном состоянии";"Внешний нарушитель с низким потенциалом; Внутренний нарушитель с низким потенциалом";"0";"0";"1";"Опубликована";"2015-03-20 00:00:00";"2019-02-08 00:00:00";"";"thrlist.xlsx · Sheet · строка 31"
"УБИ.030";"Угроза использования информации идентификации/аутентификации, заданной по умолчанию";"Средства защиты информации, системное программное обеспечение, сетевое программное обеспечение, микропрограммное обеспечение, программно-аппаратные средства со встроенными функциями защиты";"Прямая";"Доступ и учетные данные";"";"Учётные записи по умолчанию и генератор начальных паролей";"Заводские либо предсказуемо генерируемые учётные данные позволяют войти в ПО без законных полномочий.";"";"ПО создаёт стандартные учётные записи или автоматически выдаёт предсказуемые пароли; эти данные остаются действующими.";"Угроза заключается в возможности прохождения нарушителем процедуры авторизации на основе полученной из открытых источников
или от информационного сервиса идентификационной и аутентификационной информации, соответствующей учётной записи «по умолчанию» дискредитируемого объекта защиты.
Данная угроза обусловлена тем, что во множестве программных и программно-аппаратных средств производителями предусмотрены учётные записи «по умолчанию», предназначенные для первичного входа в систему или тем, что при прохождении на информационном сервисе процедуры регистрации механизм автоматической генерации паролей выдает одинаковые или сходные пароли пользователям с похожими логинами. Более того, на многих устройствах 
идентификационная и аутентификационная информация может быть возвращена к заданной «по умолчанию» после проведения аппаратного сброса параметров системы (функция Reset).
Реализация данной угрозы возможна при одном из следующих условий:
наличие у нарушителя сведений о производителе/модели объекта защиты и наличие в открытых источниках сведений об идентификационной и аутентификационной информации, соответствующей учётной записи «по умолчанию» для объекта защиты;
успешное завершение нарушителем процедуры выявления данной информации в ходе анализа программного кода дискредитируемого объекта защиты
наличие у нарушителя сведений о логине используемом при регистрации атакуемым пользователем";"Внутренний нарушитель с низким потенциалом; Внешний нарушитель со средним потенциалом";"1";"1";"1";"Опубликована";"2015-03-20 00:00:00";"2020-11-25 00:00:00";"";"thrlist.xlsx · Sheet · строка 32"
"УБИ.031";"Угроза использования механизмов авторизации для повышения привилегий";"Системное программное обеспечение, прикладное программное обеспечение, сетевое программное обеспечение";"Прямая";"Доступ и учетные данные";"";"Авторизация и настройки разграничения доступа";"Ошибки прав доступа открывают пользователю данные и функции более привилегированной роли.";"";"В ПО есть учётные записи с разными полномочиями, а нарушитель обладает хотя бы некоторыми правами доступа.";"Угроза заключается в возможности получения нарушителем доступа к данным и функциям, предназначенным для учётных записей с более высокими чем у нарушителя привилегиями, за счёт ошибок в параметрах настройки средств разграничения доступа. При этом нарушитель для повышения своих привилегий не осуществляет деструктивное программное воздействие на систему, а лишь использует существующие ошибки.
Данная угроза обусловлена слабостями мер разграничения доступа к программам и файлам.
Реализация данной угрозы возможна в случае наличия у нарушителя каких-либо привилегий в системе";"Внешний нарушитель с низким потенциалом; Внутренний нарушитель с низким потенциалом";"1";"0";"0";"Опубликована";"2015-03-20 00:00:00";"2019-02-08 00:00:00";"";"thrlist.xlsx · Sheet · строка 33"
"УБИ.032";"Угроза использования поддельных цифровых подписей BIOS";"Микропрограммное и аппаратное обеспечение BIOS/UEFI";"Для отдельных классов ПО";"Поставка и обновления";"";"Проверка цифровой подписи обновлений BIOS/UEFI";"Подложная доверенная подпись или источник обновлений позволяет поставить вредоносную либо уязвимую прошивку.";"";"Анализируется цепочка обновления BIOS/UEFI, доверяющая скомпрометированному или неблагонадёжному удостоверяющему центру либо подменённому источнику.";"Угроза заключается в возможности установки уязвимой версии обновления BIOS/UEFI или версии, содержащей вредоносное программное обеспечение, но имеющей цифровую подпись.
Данная угроза обусловлена слабостями мер по контролю за благонадёжностью центров выдачи цифровых подписей.
Реализация данной угрозы возможна при условии выдачи неблагонадёжным центром сертификации цифровой подписи на версию обновления BIOS/UEFI, содержащую уязвимости, или на версию, содержащую вредоносное программное обеспечение (т.е. при осуществлении таким центром подлога), а также подмены нарушителем доверенного источника обновлений";"Внешний нарушитель со средним потенциалом";"0";"1";"0";"Опубликована";"2015-03-20 00:00:00";"2019-02-08 00:00:00";"";"thrlist.xlsx · Sheet · строка 34"
"УБИ.033";"Угроза использования слабостей кодирования входных данных";"Системное программное обеспечение, прикладное программное обеспечение, сетевое программное обеспечение, микропрограммное обеспечение, реестр";"Прямая";"Данные и файлы";"";"Декодирование и проверка входных данных";"Альтернативные кодировки и ложные форматы обходят программный контроль входных данных.";"";"ПО принимает входные данные, формат или значения которых может изменять нарушитель.";"Угроза заключается в возможности осуществления нарушителем деструктивного информационного воздействия на дискредитируемую систему путём манипулирования значениями входных данных и формой их предоставления (альтернативные кодировки, некорректное расширение файлов и т.п.).
Данная угроза обусловлена слабостями механизма контроля входных данных. 
Реализация данной угрозы возможна при условиях:
дискредитируемая система принимает входные данные от нарушителя;
нарушитель обладает возможностью управления одним или несколькими параметрами входных данных";"Внешний нарушитель со средним потенциалом; Внутренний нарушитель со средним потенциалом";"0";"1";"1";"Опубликована";"2015-03-20 00:00:00";"2019-02-08 00:00:00";"";"thrlist.xlsx · Sheet · строка 35"
"УБИ.034";"Угроза использования слабостей протоколов сетевого/локального обмена данными";"Системное программное обеспечение, сетевое программное обеспечение, сетевой трафик";"Прямая";"Веб и сетевые сервисы";"";"Программная реализация протоколов обмена данными";"Описание прямо включает ошибки реализации протоколов и слабости их алгоритмов.";"";"ПО реализует или использует сетевой либо локальный протокол с уязвимым алгоритмом или реализацией.";"Угроза заключается в возможности осуществления нарушителем несанкционированного доступа к передаваемой в системе защищаемой информации за счёт деструктивного воздействия на протоколы сетевого/локального обмена данными в системе путём нарушения правил использования данных протоколов.
Данная угроза обусловлена слабостями самих протоколов (заложенных в них алгоритмов), ошибками, допущенными в ходе реализации протоколов, или уязвимостями, внедряемыми автоматизированными средствами проектирования/разработки.
Реализация данной угрозы возможна в случае наличия слабостей в протоколах сетевого/локального обмена данными";"Внешний нарушитель с низким потенциалом; Внутренний нарушитель с низким потенциалом";"1";"1";"1";"Опубликована";"2015-03-20 00:00:00";"2019-11-15 00:00:00";"";"thrlist.xlsx · Sheet · строка 36"
"УБИ.035";"Угроза использования слабых криптографических алгоритмов BIOS";"Микропрограммное обеспечение BIOS/UEFI";"Для отдельных классов ПО";"Системное ПО";"";"Криптографические алгоритмы BIOS/UEFI";"Вопрос касается свойств криптографической реализации программной прошивки, включая непрозрачность её параметров.";"";"Объект анализа — BIOS/UEFI, использующий встроенные криптографические алгоритмы, реальную работу которых нельзя достаточно проверить.";"Угроза заключается в сложности проверки реальных параметров работы и алгоритмов, реализованных в криптографических средствах BIOS/UEFI. При этом доверие к криптографической защите будет ограничено доверием к производителю BIOS.
Данная угроза обусловлена сложностью использования собственных криптографических алгоритмов в программном обеспечении BIOS/UEFI.
Возможность реализации данной угрозы снижает достоверность оценки реального уровня защищённости системы";"Внешний нарушитель с высоким потенциалом";"1";"1";"1";"Опубликована";"2015-03-20 00:00:00";"2019-02-08 00:00:00";"";"thrlist.xlsx · Sheet · строка 37"
"УБИ.036";"Угроза исследования механизмов работы программы";"Системное программное обеспечение, прикладное программное обеспечение, сетевое программное обеспечение, микропрограммное обеспечение";"Прямая";"Код и выполнение";"";"Исходный код, исполняемые файлы и дистрибутив программы";"Обратный инжиниринг направлен непосредственно на структуру, алгоритмы и уязвимости программного продукта.";"";"Нарушитель имеет доступ к исходникам или дистрибутиву; защита исследуемых сведений о коде входит в требования к продукту.";"Угроза заключается в возможности проведения нарушителем обратного инжиниринга кода программы и дальнейшего исследования его структуры, функционала и состава в интересах определения алгоритма работы программы и поиска в ней уязвимостей.
Данная угроза обусловлена слабостями механизма защиты кода программы от исследования.
Реализация данной угрозы возможна в случаях:
наличия у нарушителя доступа к исходным файлам программы;
наличия у нарушителя доступа к дистрибутиву программы и отсутствия механизма защиты кода программы от исследования";"Внешний нарушитель со средним потенциалом; Внутренний нарушитель со средним потенциалом";"1";"0";"1";"Опубликована";"2015-03-20 00:00:00";"2019-02-08 00:00:00";"";"thrlist.xlsx · Sheet · строка 38"
"УБИ.037";"Угроза исследования приложения через отчёты об ошибках";"Системное программное обеспечение, прикладное программное обеспечение, сетевое программное обеспечение, микропрограммное обеспечение";"Прямая";"Данные и файлы";"";"Отчёты об ошибках приложения";"Избыточные сообщения об ошибках раскрывают внутреннее устройство и защищаемые сведения приложения.";"";"Приложение генерирует доступные нарушителю отчёты об ошибках с избыточными данными.";"Угроза заключается в возможности исследования нарушителем алгоритма работы дискредитируемого приложения и его предполагаемой структуры путём анализа генерируемых этим приложением отчётов об ошибках.
Данная угроза обусловлена размещением защищаемой информации (или информации, обобщение которой может раскрыть защищаемые сведения о системе) в генерируемых отчётах об ошибках.
Реализация данной угрозы возможна в случае наличия у нарушителя доступа к отчётам об ошибках, генерируемых приложением, и наличия избыточности содержащихся в них данных";"Внешний нарушитель со средним потенциалом; Внутренний нарушитель со средним потенциалом";"1";"0";"0";"Опубликована";"2015-03-20 00:00:00";"2019-02-08 00:00:00";"";"thrlist.xlsx · Sheet · строка 39"
"УБИ.038";"Угроза исчерпания вычислительных ресурсов хранилища больших данных";"Информационная система";"Для отдельных классов ПО";"Данные и файлы";"";"ПО хранилища больших данных и контроль заполнения";"Описание включает программное воздействие на параметры и логику контроля заполнения хранилища.";"";"ПО реализует хранилище больших данных с непрерывным приёмом информации; применима ветвь программного управления квотами, сохранением и заполнением.";"Угроза заключается в возможности временного возникновения состояния типа «отказ в обслуживании» у хранилища больших данных.
Данная угроза обусловлена постоянным трудно контролируемым заполнением занятого дискового пространства за счёт данных, непрерывно поступающих из различных информационных источников, и слабостями технологий доступа и хранения информации в хранилищах больших данных.
Реализация данной угрозы возможна при условии мгновенного (текущего) превышения скорости передачи данных над скоростью их сохранения (в силу недостаточности пропускной способности канала связи или скорости выделения свободного пространства и сохранения на него поступающих данных) или при условии временного отсутствия свободного места в хранилище (в силу некорректного управления хранилищем или в результате осуществления нарушителем деструктивного программного воздействия на механизм контроля за заполнением хранилища путём изменения параметров или логики его работы)";"Внутренний нарушитель с низким потенциалом";"0";"0";"1";"Опубликована";"2015-03-20 00:00:00";"2019-02-08 00:00:00";"";"thrlist.xlsx · Sheet · строка 40"
"УБИ.039";"Угроза исчерпания запаса ключей, необходимых для обновления BIOS";"Микропрограммное обеспечение BIOS/UEFI";"Для отдельных классов ПО";"Системное ПО";"";"Механизм обновления BIOS/UEFI и обновления набора ключей";"Уязвимости средств работы с ограниченным набором ключей могут заблокировать обновление прошивки.";"";"Анализируется BIOS/UEFI с конечным запасом ключей, необходимым для процедуры обновления.";"Угроза заключается в возможности нарушения (невозможности осуществления) процедуры обновления BIOS/UEFI при исчерпании запаса необходимых для её проведения ключей.
Данная угроза обусловлена ограниченностью набора ключей, необходимых для обновления BIOS/UEFI.
Реализация данной угрозы возможна путём эксплуатации уязвимостей средств обновления набора ключей, или путём использования нарушителем программных средств перебора ключей";"Внешний нарушитель со средним потенциалом";"0";"1";"0";"Опубликована";"2015-03-20 00:00:00";"2019-02-08 00:00:00";"";"thrlist.xlsx · Sheet · строка 41"
"УБИ.041";"Угроза межсайтового скриптинга";"Сетевой узел, сетевое программное обеспечение";"Прямая";"Веб и сетевые сервисы";"";"Веб-приложение: обработка и вывод недоверенных данных";"Внедрённый скрипт выполняется у посетителя из-за недостаточной проверки и обработки данных веб-приложением.";"";"ПО формирует веб-страницы с исполняемыми сценариями и включает данные, управляемые нарушителем.";"Угроза заключается в возможности внедрения нарушителем участков вредоносного кода на сайт дискредитируемой системы таким образом, что он будет выполнен на рабочей станции просматривающего этот сайт пользователя.
Данная угроза обусловлена слабостями механизма проверки безопасности при обработке запросов и данных, поступающих от веб-сайта.
Реализация угрозы возможна в случае, если клиентское программное обеспечение поддерживает выполнение сценариев, а нарушитель имеет возможность отправки запросов и данных в дискредитируемую систему";"Внешний нарушитель с низким потенциалом";"1";"1";"1";"Опубликована";"2015-03-20 00:00:00";"2019-02-08 00:00:00";"";"thrlist.xlsx · Sheet · строка 43"
"УБИ.042";"Угроза межсайтовой подделки запроса";"Сетевой узел, сетевое программное обеспечение";"Прямая";"Веб и сетевые сервисы";"";"Веб-приложение: авторизованные запросы и пользовательские сеансы";"Посторонний ресурс инициирует действие от имени уже аутентифицированного пользователя.";"";"ПО выполняет действия по запросам браузера с сохранённой аутентификацией без достаточной проверки намерения пользователя и происхождения запроса.";"Угроза заключается в возможности отправки нарушителем дискредитируемому пользователю ссылки на содержащий вредоносный код веб-ресурс, при переходе на который автоматически будут выполнены неправомерные вредоносные действия от имени дискредитированного пользователя.
Данная угроза обусловлена уязвимостями браузеров, которые позволяют выполнять действия без подтверждения или аутентификации со стороны дискредитируемого пользователя.
Реализация угрозы возможна в случае, если дискредитируемый пользователь сохраняет аутентификационную информацию с помощью браузера";"Внешний нарушитель со средним потенциалом";"1";"1";"1";"Опубликована";"2015-03-20 00:00:00";"2019-02-08 00:00:00";"";"thrlist.xlsx · Sheet · строка 44"
"УБИ.044";"Угроза нарушения изоляции пользовательских данных внутри виртуальной машины";"Виртуальная машина, гипервизор";"Для отдельных классов ПО";"Виртуализация и контейнеры";"";"Гипервизор и изоляция памяти виртуальной машины";"Уязвимости гипервизора нарушают изоляцию данных программ внутри виртуальной машины.";"";"ПО реализует или включает гипервизор; вредоносный код вне ВМ способен преодолеть границу её адресного пространства.";"Угроза заключается в возможности нарушения безопасности пользовательских данных программ, функционирующих внутри виртуальной машины, вредоносным программным обеспечением, функционирующим вне виртуальной машины.
Данная угроза обусловлена наличием уязвимостей программного обеспечения гипервизора, обеспечивающего изолированность адресного пространства, используемого для хранения пользовательских данных программ, функционирующих внутри виртуальной машины, от несанкционированного доступа со стороны вредоносного программного обеспечения, функционирующего вне виртуальной машины.
Реализация данной угрозы возможна при условии успешного преодоления вредоносным программным кодом границ виртуальной машины не только за счёт эксплуатации уязвимостей гипервизора, но и путём осуществления такого воздействия с более низких (по отношению к гипервизору) уровней функционирования системы";"Внешний нарушитель со средним потенциалом; Внутренний нарушитель со средним потенциалом";"1";"1";"1";"Опубликована";"2015-03-20 00:00:00";"2019-02-08 00:00:00";"";"thrlist.xlsx · Sheet · строка 46"
"УБИ.045";"Угроза нарушения изоляции среды исполнения BIOS";"Микропрограммное и аппаратное обеспечение BIOS/UEFI";"Для отдельных классов ПО";"Системное ПО";"";"Изоляция и интерфейсы администрирования BIOS/UEFI";"Программное воздействие из ОС или сервис-процессора меняет логику и параметры прошивки.";"";"Анализируется BIOS/UEFI с обновлением или управлением из ОС либо через сетевой сервис-процессор.";"Угроза заключается в возможности изменения параметров и (или) логики работы программного обеспечения BIOS/UEFI путём программного воздействия из операционной системы компьютера или путём несанкционированного доступа к каналу сетевого взаимодействия серверного сервис-процессора.
Данная угроза обусловлена слабостями технологий разграничения доступа к BIOS/UEFI, его функциям администрирования и обновления, со стороны операционной системы или каналов связи.
Реализация данной угрозы возможна:
со стороны операционной системы – при условии наличия BIOS/UEFI функционала обновления и (или) управления программным обеспечением BIOS/UEFI из операционной системы;
со стороны сети – при условии наличия у дискредитируемого серверного сервис-процессора достаточных привилегий для управления всей системой, включая модификацию BIOS/UEFI серверов системы, и дискредитируемого сервера";"Внутренний нарушитель с низким потенциалом";"1";"1";"1";"Опубликована";"2015-03-20 00:00:00";"2019-02-08 00:00:00";"";"thrlist.xlsx · Sheet · строка 47"
"УБИ.046";"Угроза нарушения процедуры аутентификации субъектов виртуального информационного взаимодействия";"Сетевой узел, сетевое программное обеспечение, метаданные, учётные данные пользователя";"Для отдельных классов ПО";"Виртуализация и контейнеры";"";"Протоколы аутентификации компонентов виртуализации";"Ошибки взаимной аутентификации программных субъектов виртуализации позволяют подменять участников обмена.";"";"ПО обеспечивает взаимодействие виртуальных, виртуализованных и физических субъектов через несколько протоколов идентификации и аутентификации.";"Угроза заключается в возможности подмены субъекта виртуального информационного взаимодействия, а также в возможности возникновения состояния неспособности осуществления такого взаимодействия.
Данная угроза обусловлена наличием множества различных протоколов взаимной идентификации и аутентификации виртуальных, виртуализованных и физических субъектов доступа, взаимодействующих между собой в ходе передачи данных как внутри одного уровня виртуальной инфраструктуры, так и между её уровнями.
Реализация данной угрозы возможна в случае возникновения ошибок при проведении аутентификации субъектов виртуального информационного взаимодействия";"Внешний нарушитель с низким потенциалом; Внутренний нарушитель с низким потенциалом";"1";"0";"1";"Опубликована";"2015-03-20 00:00:00";"2019-02-08 00:00:00";"";"thrlist.xlsx · Sheet · строка 48"
"УБИ.048";"Угроза нарушения технологии обработки информации путём несанкционированного внесения изменений в образы виртуальных машин";"Образ виртуальной машины, сетевой узел, сетевое программное обеспечение, виртуальная машина";"Для отдельных классов ПО";"Виртуализация и контейнеры";"";"Образы виртуальных машин и контроль доступа к ним";"Подмена программных образов ВМ нарушает целостность установленного кода и обрабатываемых данных.";"";"ПО создаёт, хранит или использует образы ВМ; нарушителю доступна их несанкционированная модификация.";"Угроза заключается в возможности осуществления деструктивного программного воздействия на дискредитируемую систему или опосредованного деструктивного программного воздействия через неё на другие системы путём осуществления несанкционированного доступа к образам виртуальных машин.
Данная угроза обусловлена слабостями мер разграничения доступа к образам виртуальных машин, реализованных в программном обеспечении виртуализации.
Реализация данной угрозы может привести:
к нарушению конфиденциальности защищаемой информации, обрабатываемой с помощью виртуальных машин, созданных на основе несанкционированно изменённых образов;
к нарушению целостности программ, установленных на виртуальных машинах;
к нарушению доступности ресурсов виртуальных машин;
к созданию ботнета путём внедрения вредоносного программного обеспечения в образы виртуальных машин, используемые в качестве шаблонов (эталонные образы)";"Внешний нарушитель со средним потенциалом; Внутренний нарушитель со средним потенциалом";"1";"1";"1";"Опубликована";"2015-03-20 00:00:00";"2019-02-08 00:00:00";"";"thrlist.xlsx · Sheet · строка 50"
"УБИ.049";"Угроза нарушения целостности данных кеша";"Сетевое программное обеспечение";"Прямая";"Данные и файлы";"";"Кеш приложения или программной службы";"Недостоверные данные в кеше принимаются приложением за корректные из-за отсутствия контроля целостности.";"";"ПО кеширует данные, а нарушитель способен изменять содержимое кеша до его обновления.";"Угроза заключается в возможности размещения нарушителем в кеше приложения (например, браузера) или службы (например, DNS или ARP) некорректных (потенциально опасных) данных таким образом, что до обновления кеша дискредитируемое приложение (или служба) будет считать эти данные корректными. 
Данная угроза обусловлена слабостями в механизме контроля целостности данных в кеше.
Реализация данной угрозы возможна в условиях осуществления нарушителем успешного несанкционированного доступа к данным кеша и отсутствии проверки целостности данных в кеше со стороны дискредитируемого приложения (или службы)";"Внешний нарушитель с низким потенциалом; Внутренний нарушитель с низким потенциалом";"0";"1";"1";"Опубликована";"2015-03-20 00:00:00";"2019-02-08 00:00:00";"";"thrlist.xlsx · Sheet · строка 51"
"УБИ.050";"Угроза неверного определения формата входных данных, поступающих в хранилище больших данных";"Хранилище больших данных, метаданные";"Для отдельных классов ПО";"Данные и файлы";"";"Определение форматов и обработчики данных хранилища";"Ошибка программного определения формата приводит к искажению или отказу сохранения данных.";"";"ПО реализует хранилище больших данных с автоматическим определением и обработкой нескольких форматов по служебным метаданным.";"Угроза заключается в возможности искажения информации, сохраняемой в хранилище больших данных, или отказа в проведении сохранения при передаче в него данных в некоторых форматах.
Данная угроза обусловлена слабостями технологий определения формата входных данных на основе дополнительной служебной информации (заголовки файлов и сетевых пакетов, расширения файлов и т.п.), а также технологий адаптивного выбора и применения методов обработки мультиформатной информации в хранилищах больших данных.
Реализация данной угрозы возможна при условии, что дополнительная служебная информация о данных по какой-либо причине не соответствует их фактическому содержимому, или в хранилище больших данных не реализованы методы обработки данных получаемого формата";"Внутренний нарушитель с низким потенциалом";"0";"1";"0";"Опубликована";"2015-03-20 00:00:00";"2019-02-08 00:00:00";"";"thrlist.xlsx · Sheet · строка 52"
"УБИ.051";"Угроза невозможности восстановления сессии работы на ПЭВМ при выводе из промежуточных состояний питания";"Рабочая станция, носитель информации, системное программное обеспечение, метаданные, объекты файловой системы, реестр";"Для отдельных классов ПО";"Системное ПО";"";"Программные компоненты управления питанием и возобновления работы";"Источник связывает невозможность возобновления работы в том числе с ошибками программных компонентов управления питанием. Включена эта программная часть сценария.";"";"Анализируется системное ПО управления питанием и возобновления работы после сна или гибернации. Отказ должен быть связан с программной реализацией, а не с неисправностью аппаратуры.";"Угроза заключается в возможности потери несохранённых данных, обрабатываемых в предыдущей сессии работы на компьютере, а также в возможности потери времени для возобновления работы на компьютере.
Данная угроза обусловлена ошибками в реализации программно-аппаратных компонентов компьютера, связанных с обеспечением питания.
Реализация данной угрозы возможна при условии невозможности выведения компьютера из промежуточных состояний питания («ждущего режима работы», «гибернации» и др.)";"Внутренний нарушитель с низким потенциалом";"0";"1";"1";"Опубликована";"2015-03-20 00:00:00";"2019-02-11 00:00:00";"";"thrlist.xlsx · Sheet · строка 53"
"УБИ.052";"Угроза невозможности миграции образов виртуальных машин из-за несовместимости аппаратного и программного обеспечения";"Облачная инфраструктура, виртуальная машина, аппаратное обеспечение, системное программное обеспечение";"Для отдельных классов ПО";"Виртуализация и контейнеры";"";"API экспорта, импорта и миграции образов ВМ";"Описание явно называет несовместимость программных интерфейсов миграции, которая нарушает переносимость образов.";"";"ПО реализует миграцию ВМ между облачными платформами; проверяется совместимость его API и форматов, а не оборудование провайдера.";"Угроза заключается в возможности возникновения у потребителя облачных услуг непреодолимых сложностей для смены поставщика облачных услуг из-за технических сложностей в реализации процедуры миграции образов виртуальных машин из облачной системы одного поставщика облачных услуг в систему другого.
Данная угроза обусловлена тем, что каждый поставщик облачных услуг использует для реализации своей деятельности аппаратное и программное обеспечение различных производителей, часть которого может использовать специфические (для данного производителя) инструкции, протоколы, методы, схемы коммутации и другие особенности реализации своего функционала.
Реализация данной угрозы возможна в случае несовместимости стандартных программных интерфейсов обмена данными (API) для реализации процедуры миграции образов виртуальных машин между различными поставщиками облачных услуг в одном или обоих направлениях.
Также данная угроза обуславливает ограничение возможности смены производителей аппаратного и программного обеспечения поставщиком облачных услуг, что может привести к нарушению целостности и доступности информации по вине поставщика облачных услуг";"Внешний нарушитель с низким потенциалом";"0";"1";"1";"Опубликована";"2015-03-20 00:00:00";"2019-02-11 00:00:00";"";"thrlist.xlsx · Sheet · строка 54"
"УБИ.053";"Угроза невозможности управления правами пользователей BIOS";"Микропрограммное обеспечение BIOS/UEFI";"Для отдельных классов ПО";"Системное ПО";"";"Разграничение пользовательских и административных прав BIOS/UEFI";"Недостаточное разделение ролей в прошивке предоставляет пользователям административные функции.";"";"Объект анализа — BIOS/UEFI с пользовательским доступом к локальному терминалу и административным функциям.";"Угроза заключается в возможности неправомерного использования пользователями декларированного функционала BIOS/UEFI, ориентированного на администраторов.
Данная угроза обусловлена слабостями технологий разграничения доступа (распределения прав) к функционалу BIOS/UEFI между различными пользователями и администраторами.
Реализация данной угрозы возможна при условии физического доступа к терминалу и, при необходимости, к системному блоку компьютера";"Внутренний нарушитель с низким потенциалом";"1";"1";"1";"Опубликована";"2015-03-20 00:00:00";"2019-02-11 00:00:00";"";"thrlist.xlsx · Sheet · строка 55"
"УБИ.055";"Угроза незащищённого администрирования облачных услуг";"Облачная система, рабочая станция, сетевое программное обеспечение";"Для отдельных классов ПО";"Веб и сетевые сервисы";"";"API и программные средства удалённого администрирования облака";"Уязвимости административных API и проверки ввода позволяют перехватить управление.";"";"ПО реализует удалённое управление облачными ресурсами; нарушитель может обращаться к административному API либо использовать полученные учётные данные.";"Угроза заключается в возможности осуществления опосредованного деструктивного программного воздействия на часть или все информационные системы, функционирующие в облачной среде, путём перехвата управления над облачной инфраструктурой через механизмы удалённого администрирования.
Данная угроза обусловлена недостаточностью внимания, уделяемого контролю вводимых пользователями облачных услуг данных (в том числе аутентификационных данных), а также уязвимостями небезопасных интерфейсов обмена данными (API), используемых средствами удалённого администрирования.
Реализация данной угрозы возможна в случае получения нарушителем аутентификационной информации (при их вводе в общественных местах) легальных пользователей, или эксплуатации уязвимостей в средствах удалённого администрирования";"Внешний нарушитель с низким потенциалом; Внутренний нарушитель с низким потенциалом";"1";"1";"1";"Опубликована";"2015-03-20 00:00:00";"2019-02-11 00:00:00";"";"thrlist.xlsx · Sheet · строка 57"
"УБИ.057";"Угроза неконтролируемого копирования данных внутри хранилища больших данных";"Хранилище больших данных, метаданные, защищаемые данные";"Для отдельных классов ПО";"Данные и файлы";"";"Механизм автоматической репликации данных хранилища";"Внутренняя программная репликация создаёт неконтролируемые копии данных.";"";"ПО реализует хранилище больших данных с автоматическим дублированием на нескольких узлах и недостаточным учётом созданных копий.";"Угроза заключается в сложности контроля за всеми автоматически создаваемыми копиями информации в хранилище больших данных из-за временной несогласованности данных операций.
Данная угроза обусловлена осуществлением дублирования (дву- или многократного) данных на различных вычислительных узлах, входящих в состав хранилища больших данных, с целью повышения скорости доступа к этим данным при большом количестве запросов чтения/записи. При этом данная операция является внутренней функцией и «непрозрачна» для конечных пользователей и администраторов хранилища больших данных.
Реализация данной угрозы возможна при условии недостаточности мер по контролю за автоматически создаваемыми копиями информации, применяемых в хранилище больших данных";"Внутренний нарушитель с низким потенциалом";"1";"0";"0";"Опубликована";"2015-03-20 00:00:00";"2019-02-11 00:00:00";"";"thrlist.xlsx · Sheet · строка 59"
"УБИ.058";"Угроза неконтролируемого роста числа виртуальных машин";"Облачная система, консоль управления облачной инфраструктурой, облачная инфраструктура";"Для отдельных классов ПО";"Виртуализация и контейнеры";"";"Контроль создания виртуальных машин и квот";"Слабости программного контроля создания ВМ позволяют исчерпать выделенные ресурсы.";"";"ПО управляет созданием ВМ; нарушитель или пользователь имеет право создавать их, а ограничение количества и ресурсов недостаточно.";"Угроза заключается в возможности ограничения или нарушения доступности виртуальных ресурсов для конечных потребителей облачных услуг путём случайного или несанкционированного преднамеренного создания нарушителем множества виртуальных машин.
Данная угроза обусловлена ограниченностью объёма дискового пространства, выделенного под виртуальную инфраструктуру, и слабостями технологий контроля процесса создания виртуальных машин.
Реализация данной угрозы возможна при условии наличия у нарушителя прав на создание виртуальных машин в облачной инфраструктуре";"Внешний нарушитель с низким потенциалом; Внутренний нарушитель с низким потенциалом";"0";"0";"1";"Опубликована";"2015-03-20 00:00:00";"2019-02-11 00:00:00";"";"thrlist.xlsx · Sheet · строка 60"
"УБИ.059";"Угроза неконтролируемого роста числа зарезервированных вычислительных ресурсов";"Информационная система, сервер";"Для отдельных классов ПО";"Виртуализация и контейнеры";"";"ПО управления резервированием виртуальных ресурсов";"Уязвимости программного распределения ресурсов позволяют неправомерно зарезервировать весь доступный объём.";"";"ПО управляет распределением ресурсов виртуализации; нарушитель может получить несанкционированный доступ к этому компоненту.";"Угроза заключается в возможности отказа легальным пользователям в выделении компьютерных ресурсов после осуществления нарушителем неправомерного резервирования всех свободных компьютерных ресурсов (вычислительных ресурсов и ресурсов памяти).
Данная угроза обусловлена уязвимостями программного обеспечения уровня управления виртуальной инфраструктурой, реализующего функцию распределения компьютерных ресурсов между пользователями.
Реализация данной угрозы возможна при условии успешного осуществления нарушителем несанкционированного доступа к программному обеспечению уровня управления виртуальной инфраструктурой, реализующему функцию распределения компьютерных ресурсов между пользователями";"Внешний нарушитель с низким потенциалом; Внутренний нарушитель с низким потенциалом";"0";"0";"1";"Опубликована";"2015-03-20 00:00:00";"2019-02-11 00:00:00";"";"thrlist.xlsx · Sheet · строка 61"
"УБИ.060";"Угроза неконтролируемого уничтожения информации хранилищем больших данных";"Хранилище больших данных, метаданные, защищаемые данные";"Для отдельных классов ПО";"Данные и файлы";"";"Автоматическое удаление и сроки хранения данных";"Программный механизм удаления может уничтожить данные без уведомления и достаточного контроля.";"";"ПО реализует хранилище больших данных с автоматическим удалением по сроку жизни, согласованности или наличию копий.";"Угроза заключается в возможности удаления из хранилища некоторых обрабатываемых данных без уведомления конечного пользователя или администратора.
Данная угроза обусловлена слабостями механизма автоматического удаления данных, не отвечающих определённым требованиям (предельный «срок жизни» в хранилище, конечная несогласованность с другими данными, создание копии в другом месте и т.п.).
Реализация данной угрозы возможна при условии недостаточности реализованных в хранилище больших данных мер по контролю за автоматическим удалением данных";"Внутренний нарушитель с низким потенциалом";"0";"1";"1";"Опубликована";"2015-03-20 00:00:00";"2019-02-11 00:00:00";"";"thrlist.xlsx · Sheet · строка 62"
"УБИ.061";"Угроза некорректного задания структуры данных транзакции";"Сетевой трафик, база данных, сетевое программное обеспечение";"Для отдельных классов ПО";"Данные и файлы";"";"Обработка транзакций и их идентификаторов";"Прерывание или подмена ID использует недостатки контроля непрерывности и целостности транзакций.";"";"ПО реализует СУБД или клиентский механизм транзакций; клиент может влиять на завершение транзакции или её идентификатор.";"Угроза заключается в возможности совершения нарушителем (клиентом базы данных) подлога путём прерывания транзакции или подмены идентификатора транзакции. В первом случае происходит неполное выполнение транзакции, а во втором – пользователь форсированно завершает транзакцию, изменяя её ID, и сообщая о том, что транзакция не была проведена, тем самым провоцируя повторное проведение транзакции.
Данная угроза обусловлена слабостями механизма контроля непрерывности транзакций и целостности данных, передаваемых в ходе транзакции между базой данных и её клиентом";"Внутренний нарушитель со средним потенциалом";"0";"1";"1";"Опубликована";"2015-03-20 00:00:00";"2019-02-11 00:00:00";"";"thrlist.xlsx · Sheet · строка 63"
"УБИ.062";"Угроза некорректного использования прозрачного прокси-сервера за счёт плагинов браузера";"Сетевое программное обеспечение";"Для отдельных классов ПО";"Веб и сетевые сервисы";"";"Настройки браузера, плагины и прокси";"Несанкционированная настройка браузерного прокси перенаправляет или копирует обрабатываемые данные.";"";"Анализируется браузер или браузерный компонент с поддержкой плагинов и прозрачного прокси; нарушитель может изменить настройки.";"Угроза заключается в возможности перенаправления или копирования обрабатываемых браузером данных через прозрачный прокси-сервер, подключённый к браузеру в качестве плагина.
Данная угроза обусловлена слабостями механизма контроля доступа к настройкам браузера.
Реализация возможна в случае успешного осуществления нарушителем включения режима использования прозрачного прокси-сервера в параметрах настройки браузера, например, в результате реализации угрозы межсайтового скриптинга";"Внешний нарушитель с низким потенциалом";"1";"0";"0";"Опубликована";"2015-03-20 00:00:00";"2019-02-11 00:00:00";"";"thrlist.xlsx · Sheet · строка 64"
"УБИ.063";"Угроза некорректного использования функционала программного и аппаратного обеспечения";"Системное программное обеспечение, прикладное программное обеспечение, сетевое программное обеспечение, микропрограммное обеспечение, аппаратное обеспечение";"Прямая";"Код и выполнение";"";"Функции программы и обработчики пользовательских команд";"Нестандартное использование заявленных функций эксплуатирует слабости обработки данных и команд.";"";"Нарушитель имеет доступ к функциям ПО и способен передавать нестандартные комбинации данных или команд.";"Угроза заключается в возможности использования декларированных возможностей программных и аппаратных средств определённым (нестандартным, некорректным) способом с целью деструктивного воздействия на информационную систему и обрабатываемую ею информацию.
Данная угроза связана со слабостями механизма обработки данных и команд, вводимых пользователями.
Реализация данной угрозы возможна в случае наличия у нарушителя доступа к программным и аппаратным средствам";"Внешний нарушитель со средним потенциалом; Внутренний нарушитель со средним потенциалом";"1";"1";"1";"Опубликована";"2015-03-20 00:00:00";"2019-02-11 00:00:00";"";"thrlist.xlsx · Sheet · строка 65"
"УБИ.068";"Угроза неправомерного/некорректного использования интерфейса взаимодействия с приложением";"Системное программное обеспечение, прикладное программное обеспечение, сетевое программное обеспечение, микропрограммное обеспечение, реестр";"Прямая";"Код и выполнение";"";"API приложения и проверка входных команд";"Недостаточная проверка API позволяет выполнять непредусмотренные функции, включая отладочные.";"";"Нарушителю доступен API приложения, не проверяющий должным образом команды, параметры или допустимость функций.";"Угроза заключается в возможности осуществления нарушителем деструктивного программного воздействия на API в целях реализации функций, изначально не предусмотренных дискредитируемым приложением (например, использование функций отладки из состава API).
Данная угроза обусловлена наличием слабостей в механизме проверки входных данных и команд API, используемого программным обеспечением.
Реализация данной угрозы возможна в условиях наличия у нарушителя доступа к API и отсутствия у дискредитируемого приложения механизма проверки вводимых данных и команд";"Внешний нарушитель со средним потенциалом; Внутренний нарушитель со средним потенциалом";"1";"1";"1";"Опубликована";"2015-03-20 00:00:00";"2019-02-11 00:00:00";"";"thrlist.xlsx · Sheet · строка 70"
"УБИ.069";"Угроза неправомерных действий в каналах связи";"Сетевой трафик";"Прямая";"Веб и сетевые сервисы";"";"Протокол обмена и проверка целостности сообщений";"Приложение принимает подменённые сетевые данные из-за отсутствия проверки их целостности и подлинности в протоколе.";"";"ПО принимает сообщения по протоколу без достаточной проверки целостности и подлинности; нарушитель может изменять сетевой трафик.";"Угроза заключается в возможности внесения нарушителем изменений в работу сетевых протоколов путём добавления или удаления данных из информационного потока с целью оказания влияния на работу дискредитируемой системы или получения доступа к конфиденциальной информации, передаваемой по каналу связи.
Данная угроза обусловлена слабостями сетевых протоколов, заключающимися в отсутствии проверки целостности и подлинности получаемых данных. 
Реализация данной угрозы возможна при условии осуществления нарушителем несанкционированного доступа к сетевому трафику";"Внешний нарушитель с низким потенциалом";"1";"1";"0";"Опубликована";"2015-03-20 00:00:00";"2019-02-11 00:00:00";"";"thrlist.xlsx · Sheet · строка 71"
"УБИ.071";"Угроза несанкционированного восстановления удалённой защищаемой информации";"Машинный носитель информации";"Для отдельных классов ПО";"Системное ПО";"";"Механизм удаления и гарантированного стирания данных";"Программная применимость ограничена реализацией удаления: остаточная информация сохраняется при отсутствии алгоритмов гарантированного стирания.";"";"ПО непосредственно отвечает за безопасное стирание данных на носителе; нарушителю доступно чтение остаточных данных ниже уровня ОС, а данные не были зашифрованы.";"Угроза заключается в возможности осуществления прямого доступа (доступа с уровней архитектуры более низких по отношению к уровню операционной системы) к данным, хранящимся на машинном носителе информации, или восстановления данных по считанной с машинного носителя остаточной информации.
Данная угроза обусловлена слабостями механизма удаления информации с машинных носителей – информация, удалённая с машинного носителя, в большинстве случаев может быть восстановлена.
Реализация данной угрозы возможна при следующих условиях:
удаление информации с машинного носителя происходило без использования способов (методов, алгоритмов) гарантированного стирания данных (например, физическое уничтожение машинного носителя информации);
технологические особенности машинного носителя информации не приводят к гарантированному уничтожению информации при получении команды на стирание данных;
информация не хранилась в криптографически преобразованном виде";"Внешний нарушитель с низким потенциалом; Внутренний нарушитель с низким потенциалом";"1";"0";"0";"Опубликована";"2015-03-20 00:00:00";"2019-02-11 00:00:00";"";"thrlist.xlsx · Sheet · строка 73"
"УБИ.072";"Угроза несанкционированного выключения или обхода механизма защиты от записи в BIOS";"Микропрограммное и аппаратное обеспечение BIOS/UEFI";"Для отдельных классов ПО";"Системное ПО";"";"Защита BIOS/UEFI от записи и обработчик обновлений";"Уязвимость обновления, включая переполнение буфера, позволяет обойти защиту и внедрить код в прошивку.";"";"Объект анализа — BIOS/UEFI или обновляющее ПО; защита от записи отключена либо доступна эксплуатация ошибки обновления.";"Угроза заключается в возможности внедрения в BIOS/UEFI вредоносного программного кода после ошибочного или злонамеренного выключения пользователем механизма защиты BIOS/UEFI от записи, а также в возможности установки неподписанного обновления в обход механизма защиты от записи в BIOS/UEFI.
Данная угроза обусловлена слабостями мер по разграничению доступа к управлению механизмом защиты BIOS/UEFI от записи, а также уязвимостями механизма обновления BIOS/UEFI, приводящими к переполнению буфера.
Реализация данной угрозы возможна в одном из следующих условий:
выключенном механизме защиты BIOS/UEFI от записи;
успешной эксплуатации нарушителем уязвимости механизма обновления BIOS/UEFI, приводящей к переполнению буфера";"Внутренний нарушитель с низким потенциалом";"1";"1";"1";"Опубликована";"2015-03-20 00:00:00";"2019-02-11 00:00:00";"";"thrlist.xlsx · Sheet · строка 74"
"УБИ.073";"Угроза несанкционированного доступа к активному и (или) пассивному виртуальному и (или) физическому сетевому оборудованию из физической и (или) виртуальной сети";"Сетевое оборудование, микропрограммное обеспечение, сетевое программное обеспечение, виртуальные устройства";"Для отдельных классов ПО";"Системное ПО";"";"ПО сетевого оборудования и виртуальных сетевых устройств";"Описание прямо указывает эксплуатацию уязвимостей программного или микропрограммного кода с изменением алгоритма и настроек.";"";"Анализируется ПО или прошивка сетевого оборудования, в том числе виртуального, входящего в инфраструктуру виртуализации.";"Угроза заключается в возможности изменения вредоносными программами алгоритма работы программного обеспечения сетевого оборудования и (или) параметров его настройки путём эксплуатации уязвимостей программного и (или) микропрограммного обеспечения указанного оборудования.
Данная угроза обусловлена ограниченностью функциональных возможностей (наличием слабостей) активного и (или) пассивного виртуального и (или) физического сетевого оборудования, входящего в состав виртуальной инфраструктуры, наличием у данного оборудования фиксированного сетевого адреса.
Реализация данной угрозы возможна при условии наличия уязвимостей в программном и (или) микропрограммном обеспечении сетевого оборудования";"Внешний нарушитель со средним потенциалом; Внутренний нарушитель со средним потенциалом";"1";"1";"1";"Опубликована";"2015-03-20 00:00:00";"2019-02-11 00:00:00";"";"thrlist.xlsx · Sheet · строка 75"
"УБИ.074";"Угроза несанкционированного доступа к аутентификационной информации";"Системное программное обеспечение, объекты файловой системы, учётные данные пользователя, реестр, машинные носители информации";"Прямая";"Доступ и учетные данные";"";"Пароли и учётные данные в памяти и файлах";"Извлечение программой сохранённых или находящихся в памяти учётных данных напрямую затрагивает защиту секретов.";"";"ПО хранит или обрабатывает учётные данные в памяти либо файлах, доступ к которым способен получить нарушитель.";"Угроза заключается в возможности извлечения паролей, имён пользователей или других учётных данных из оперативной памяти компьютера или хищения (копирования) файлов паролей (в том числе хранящихся в открытом виде) с машинных носителей информации";"Внешний нарушитель с низким потенциалом; Внутренний нарушитель с низким потенциалом";"1";"0";"0";"Опубликована";"2015-03-20 00:00:00";"2019-02-11 00:00:00";"";"thrlist.xlsx · Sheet · строка 76"
"УБИ.075";"Угроза несанкционированного доступа к виртуальным каналам передачи";"Сетевое программное обеспечение, сетевой трафик, виртуальные устройства";"Для отдельных классов ПО";"Виртуализация и контейнеры";"";"Программные виртуальные каналы и контроль потоков";"Недостатки разграничения доступа и контроля потоков в сетевой виртуализации допускают перехват трафика.";"";"ПО реализует виртуальные сетевые каналы и их изоляцию; нарушитель имеет права взаимодействовать с помощью технологий сетевой виртуализации.";"Угроза заключается в возможности осуществления нарушителем несанкционированного перехвата трафика сетевых узлов, недоступных с помощью сетевых технологий, отличных от сетевых технологий виртуализации, путём некорректного использования таких технологий.
Данная угроза обусловлена слабостями мер контроля потоков, межсетевого экранирования и разграничения доступа, реализованных в отношении сетевых технологий виртуализации (с помощью которых строятся виртуальные каналы передачи данных).
Реализация данной угрозы возможна при наличии у нарушителя привилегий на осуществление взаимодействия с помощью сетевых технологий виртуализации";"Внешний нарушитель с низким потенциалом; Внутренний нарушитель с низким потенциалом";"1";"0";"0";"Опубликована";"2015-03-20 00:00:00";"2019-02-11 00:00:00";"";"thrlist.xlsx · Sheet · строка 77"
"УБИ.076";"Угроза несанкционированного доступа к гипервизору из виртуальной машины и (или) физической сети";"Гипервизор";"Для отдельных классов ПО";"Виртуализация и контейнеры";"";"Гипервизор и его интерфейсы";"Эксплуатация программных уязвимостей гипервизора через интерфейсы ВМ или сети приводит к отказу в обслуживании.";"";"Анализируется гипервизор; нарушитель может обращаться к нему из ВМ либо через активный сетевой интерфейс.";"Угроза заключается в возможности приведения нарушителем всей (если гипервизор – один) или части (если используется несколько взаимодействующих между собой гипервизоров) виртуальной инфраструктуры в состояние «отказ в обслуживании» путём осуществления деструктивного программного воздействия на гипервизор из запущенных в созданной им виртуальной среде виртуальных машин, или осуществления воздействия на гипервизор через его подключение к физической вычислительной сети.
Данная угроза обусловлена наличием множества разнообразных интерфейсов взаимодействия между гипервизором и виртуальной машиной и (или) физической сетью, уязвимостями гипервизора, а также уязвимостями программных средств и ограниченностью функциональных возможностей аппаратных средств, используемых для обеспечения его работоспособности.
Реализация данной угрозы возможна в одном из следующих случаев:
наличие у нарушителя привилегий, достаточных для осуществления деструктивного программного воздействия из виртуальных машин;
наличие у гипервизора активного интерфейса взаимодействия с физической вычислительной сетью";"Внешний нарушитель со средним потенциалом; Внутренний нарушитель со средним потенциалом";"0";"0";"1";"Опубликована";"2015-03-20 00:00:00";"2019-02-11 00:00:00";"";"thrlist.xlsx · Sheet · строка 78"
"УБИ.077";"Угроза несанкционированного доступа к данным за пределами зарезервированного адресного пространства, в том числе выделенного под виртуальное аппаратное обеспечение";"Сервер, рабочая станция, виртуальная машина, гипервизор, машинный носитель информации, метаданные";"Для отдельных классов ПО";"Виртуализация и контейнеры";"";"Изоляция адресного пространства и кода виртуальных устройств";"Слабости программного гипервизора позволяют выйти за границы адресного пространства и менять код виртуальных машин.";"";"Анализируется гипервизор; вредоносный код выполняется внутри ВМ и может эксплуатировать ошибку изоляции памяти.";"Угроза заключается в возможности нарушения вредоносной программой, функционирующей внутри виртуальной машины, целостности программного кода своей и (или) других виртуальных машин, функционирующих под управлением того же гипервизора, а также изменения параметров её (их) настройки.
Данная угроза обусловлена наличием слабостей программного обеспечения гипервизора, обеспечивающего изолированность адресного пространства, используемого для хранения не только защищаемой информации и программного кода обрабатывающих её программ, но и программного кода, реализующего виртуальное аппаратное обеспечение (виртуальные устройства обработки, хранения и передачи данных), от несанкционированного доступа со стороны вредоносной программы, функционирующей внутри виртуальной машины.
Реализация данной угрозы возможна при условии успешного осуществления несанкционированного доступа со стороны вредоносной программы, функционирующей внутри виртуальной машины, к данным, хранящимся за пределами зарезервированного под пользовательские данные адресного пространства данной виртуальной машины";"Внешний нарушитель со средним потенциалом; Внутренний нарушитель со средним потенциалом";"0";"1";"1";"Опубликована";"2015-03-20 00:00:00";"2019-02-11 00:00:00";"";"thrlist.xlsx · Sheet · строка 79"
"УБИ.079";"Угроза несанкционированного доступа к защищаемым виртуальным машинам со стороны других виртуальных машин";"Виртуальная машина";"Для отдельных классов ПО";"Виртуализация и контейнеры";"";"Механизмы обмена данными между ВМ в гипервизоре";"Уязвимости программной реализации межмашинного обмена позволяют воздействовать на соседние ВМ.";"";"ПО реализует гипервизор с активным обменом данными между ВМ; нарушителю доступны эти механизмы.";"Угроза заключается в возможности осуществления деструктивного программного воздействия на защищаемые виртуальные машины со стороны других виртуальных машин с помощью различных механизмов обмена данными между виртуальными машинами, реализуемых гипервизором и активированных в системе.
Данная угроза обусловлена слабостями механизма обмена данными между виртуальными машинами и уязвимостями его реализации в конкретном гипервизоре.
Реализация данной угрозы возможна при условии наличия у нарушителя привилегий, достаточных для использования различных механизмов обмена данными между виртуальными машинами, реализованных в гипервизоре и активированных в системе";"Внешний нарушитель с низким потенциалом; Внутренний нарушитель с низким потенциалом";"1";"1";"1";"Опубликована";"2015-03-20 00:00:00";"2019-02-11 00:00:00";"";"thrlist.xlsx · Sheet · строка 81"
"УБИ.080";"Угроза несанкционированного доступа к защищаемым виртуальным устройствам из виртуальной и (или) физической сети";"Виртуальные устройства хранения, обработки и передачи данных";"Для отдельных классов ПО";"Виртуализация и контейнеры";"";"Сетевые API управления виртуальными устройствами";"Слабости программных интерфейсов гипервизора позволяют удалённо менять состав и конфигурацию виртуальных устройств.";"";"ПО реализует гипервизор или API управления виртуальными устройствами; нарушитель может обмениваться данными через эти интерфейсы.";"Угроза заключается в возможности удалённого осуществления нарушителем несанкционированного доступа к виртуальным устройствам из виртуальной и (или) физической сети с помощью различных сетевых технологий, используемых для осуществления обмена данными в системе, построенной с использованием технологий виртуализации.
Данная угроза обусловлена наличием слабостей в сетевых программных интерфейсах гипервизоров, предназначенных для удалённого управления составом и конфигурацией виртуальных устройств, созданных (создаваемых) данными гипервизорами.
Реализация данной угрозы возможна при условии наличия у нарушителя привилегий достаточных для осуществления обмена данными в системе, построенной с использованием технологий виртуализации";"Внешний нарушитель со средним потенциалом; Внутренний нарушитель со средним потенциалом";"1";"1";"1";"Опубликована";"2015-03-20 00:00:00";"2019-02-11 00:00:00";"";"thrlist.xlsx · Sheet · строка 82"
"УБИ.081";"Угроза несанкционированного доступа к локальному компьютеру через клиента грид-системы";"Узлы грид-системы";"Для отдельных классов ПО";"Системное ПО";"";"Клиент и связующее ПО грид-системы";"Сценарий прямо основан на уязвимостях клиентской программы, открывающих доступ к файлам, памяти и процессам.";"";"Продукт является клиентом грид-системы; возможна передача вредоносного кода через систему управления заданиями.";"Угроза заключается в возможности выполнения нарушителем сетевого входа на узел грид-системы с правами одной из учётных записей, соответствующей программным процессам системы управления заданиями, с последующим получением доступа к закрытой части криптографических сертификатов, используемых для установления связи в грид-системе.
Данная угроза обусловлена наличием уязвимостей в клиенте грид-системы (клиентского программного обеспечения, устанавливаемого в узлах грид-системы), эксплуатация которых позволяет нарушителю осуществлять операции чтения и записи в объектах локальной файловой системы компьютера, отправку сигналов программным процессам (включая сигналы прекращения работы), операции чтения и записи в память программных процессов, соответствующих связующему программному обеспечению и грид-заданиям, открытия сетевых соединений в локальных и внешних узлах грид-системы.
Реализация данной угрозы возможна при условии внедрения вредоносного программного кода в систему управления заданиями. Фактически наличие в узле грид-системы неизвестного его владельцу программного обеспечения (клиента грид-системы), проводящего неизвестные вычисления, является «черным ящиком», через который (путём эксплуатации уязвимостей или программных закладок) нарушитель может осуществить противоправные действия по отношению к хранящейся в узле грид-системы защищаемой информации (личной информации владельца узла)";"Внешний нарушитель со средним потенциалом";"1";"1";"1";"Опубликована";"2015-03-20 00:00:00";"2019-02-11 00:00:00";"";"thrlist.xlsx · Sheet · строка 83"
"УБИ.082";"Угроза несанкционированного доступа к сегментам вычислительного поля";"Вычислительный узел суперкомпьютера";"Для отдельных классов ПО";"Доступ и учетные данные";"";"Программное разграничение доступа к сегментам вычислительного поля суперкомпьютера";"Слабости разграничения доступа позволяют процессам одних пользователей читать или изменять данные и результаты задач других. Программная реализация этого механизма относится к ПО изоляции вычислительных задач.";"";"Анализируется ПО, реализующее разграничение доступа к сегментам вычислительного поля суперкомпьютера. На общем вычислительном поле одновременно выполняются задачи разных пользователей, а программная изоляция их процессов и данных недостаточна.";"Угроза заключается в возможности осуществления несанкционированного доступа нарушителя к исходным данным, промежуточным и окончательным результатам расчётов других пользователей суперкомпьютера, а также случайное или преднамеренное деструктивное воздействие процессов решения одних задач на процессы и результаты решения других вычислительных задач.
Данная угроза обусловлена слабостями механизма разграничения доступа субъектов к сегментам вычислительных полей суперкомпьютера.
Реализация данной угрозы возможна при выполнении задач различных пользователей суперкомпьютера на одном вычислительном поле суперкомпьютера";"Внутренний нарушитель со средним потенциалом";"1";"1";"0";"Опубликована";"2015-03-20 00:00:00";"2019-02-11 00:00:00";"";"thrlist.xlsx · Sheet · строка 84"
"УБИ.083";"Угроза несанкционированного доступа к системе по беспроводным каналам";"Сетевой узел, учётные данные пользователя, сетевой трафик, аппаратное обеспечение";"Для отдельных классов ПО";"Веб и сетевые сервисы";"";"Программная реализация идентификации и аутентификации беспроводного доступа";"Доступ к сети получают через слабости протоколов идентификации и аутентификации. Их программная реализация и использование относятся к специализированному сетевому ПО, как и другие механизмы проверки подлинности участников обмена.";"";"Анализируется сетевое ПО или прошивка, реализующая идентификацию и аутентификацию при беспроводном доступе. Нарушитель находится в зоне приёма сети и располагает ПО для эксплуатации слабостей этих протоколов. Для обычного приложения, использующего готовое соединение, угроза не применяется.";"Угроза заключается в возможности получения нарушителем доступа к ресурсам всей дискредитируемой информационной системы через используемые в ее составе беспроводные каналы передачи данных.
Данная угроза обусловлена слабостями протоколов идентификации/аутентификации (таких как WEP, WPA и WPA2, AES), используемых для доступа к беспроводному оборудованию.
Реализация данной угрозы возможна при условии наличия у нарушителя специализированного программного обеспечения, реализующего функции эксплуатации уязвимостей протоколов идентификации/аутентификации беспроводных сетей, а также нахождения в точке приема сигналов дискредитируемой беспроводной сети";"Внешний нарушитель с низким потенциалом";"1";"1";"1";"Опубликована";"2015-03-20 00:00:00";"2019-11-15 00:00:00";"";"thrlist.xlsx · Sheet · строка 85"
"УБИ.084";"Угроза несанкционированного доступа к системе хранения данных из виртуальной и (или) физической сети";"Виртуальные устройства хранения данных, виртуальные диски";"Для отдельных классов ПО";"Виртуализация и контейнеры";"";"ПО распределения данных в виртуальном дисковом пространстве";"Воздействие использует слабости алгоритмов согласованного распределения данных виртуального хранилища.";"";"ПО реализует виртуальные диски или распределённое виртуальное хранилище, доступное по сети.";"Угроза заключается в возможности осуществления деструктивного программного воздействия на виртуальные устройства хранения данных и (или) виртуальные диски (являющиеся как сегментами виртуального дискового пространства, созданного отдельным виртуальным устройством, так и единым виртуальным дисковым пространством, созданным путём логического объединения нескольких виртуальных устройств хранения данных).
Данная угроза обусловлена наличием слабостей применяемых технологий распределения информации по различным виртуальным устройствам хранения данных и (или) виртуальным дискам, а также слабостей технологии единого виртуального дискового пространства. Указанные слабости связаны с высокой сложностью алгоритмов обеспечения согласованности действий по распределению информации в рамках единого виртуального дискового пространства, а также взаимодействия с виртуальными и физическими каналами передачи данных для обеспечения работы в рамках одного дискового пространства.
Реализация данной угрозы возможна при условии наличия у нарушителя специальных программных средств, способных эксплуатировать слабости технологий, использованных при построении системы хранения данных (сетевых технологий, технологий распределения информации и др.)";"Внешний нарушитель с низким потенциалом; Внутренний нарушитель с низким потенциалом";"1";"1";"1";"Опубликована";"2015-03-20 00:00:00";"2019-02-11 00:00:00";"";"thrlist.xlsx · Sheet · строка 86"
"УБИ.085";"Угроза несанкционированного доступа к хранимой в виртуальном пространстве защищаемой информации";"Носитель информации, объекты файловой системы";"Для отдельных классов ПО";"Виртуализация и контейнеры";"";"Программные механизмы защиты фрагментов распределённых файлов";"Фрагменты распределённых файлов позволяют восстановить защищаемые данные при недостаточной защите отдельных частей.";"";"ПО реализует распределённое виртуальное хранение; нарушитель может получить фрагменты файлов на отдельных накопителях.";"Угроза заключается в возможности нарушения конфиденциальности информации, содержащейся в распределённых файлах, содержащих защищаемую информацию, путём восстановления данных распределённых файлов из их множества отдельных фрагментов с помощью программного обеспечения и информационных технологий по обработке распределённой информации.
Данная угроза обусловлена тем, что в связи с применением множества технологий виртуализации, предназначенных для работы с данными (распределение данных внутри виртуальных и логических дисков, распределение данных между такими дисками, распределение данных между физическими и виртуальными накопителями единого дискового пространства, выделение областей дискового пространства в виде отдельных дисков и др.), практически все файлы хранятся в виде множества отдельных сегментов.
Реализация данной угрозы возможна при условии недостаточности или отсутствия мер по обеспечению конфиденциальности информации, хранящейся на отдельных накопителях";"Внешний нарушитель со средним потенциалом; Внутренний нарушитель со средним потенциалом";"1";"0";"0";"Опубликована";"2015-03-20 00:00:00";"2019-02-11 00:00:00";"";"thrlist.xlsx · Sheet · строка 87"
"УБИ.086";"Угроза несанкционированного изменения аутентификационной информации";"Системное программное обеспечение, объекты файловой системы, учётные данные пользователя, реестр";"Прямая";"Доступ и учетные данные";"";"Хранилище аутентификационной информации";"Недостаточное разграничение доступа позволяет изменять данные аутентификации пользователей.";"";"ПО хранит или обслуживает аутентификационные данные; нарушитель получает доступ к ним через штатные либо специальные средства.";"Угроза заключается в возможности осуществления неправомерного доступа нарушителем к аутентификационной информации других пользователей с помощью штатных средств операционной системы или специальных программных средств.
Данная угроза обусловлена наличием слабостей мер разграничения доступа к информации аутентификации.
Реализация данной угрозы может способствовать дальнейшему проникновению нарушителя в систему под учётной записью дискредитированного пользователя";"Внешний нарушитель с низким потенциалом; Внутренний нарушитель с низким потенциалом";"0";"1";"1";"Опубликована";"2015-03-20 00:00:00";"2019-02-11 00:00:00";"";"thrlist.xlsx · Sheet · строка 88"
"УБИ.087";"Угроза несанкционированного использования привилегированных функций BIOS";"Аппаратное обеспечение, микропрограммное обеспечение BIOS/UEFI";"Для отдельных классов ПО";"Системное ПО";"";"Привилегированные функции BIOS/UEFI";"Опасный функционал непосредственно реализован в микропрограммном обеспечении.";"";"Объект анализа — BIOS/UEFI или его программные интерфейсы с привилегированными функциями.";"Угроза заключается в возможности использования нарушителем потенциально опасных возможностей BIOS/UEFI.
Данная угроза обусловлена наличием в BIOS/UEFI потенциально опасного функционала";"Внешний нарушитель с высоким потенциалом; Внутренний нарушитель с низким потенциалом";"1";"1";"1";"Опубликована";"2015-03-20 00:00:00";"2019-02-11 00:00:00";"";"thrlist.xlsx · Sheet · строка 89"
"УБИ.088";"Угроза несанкционированного копирования защищаемой информации";"Объекты файловой системы, машинный носитель информации";"Прямая";"Данные и файлы";"";"Защищаемые данные и механизм доступа к ним";"Программная ветвь сценария — получение и копирование данных в обход разграничения доступа.";"";"ПО обрабатывает защищаемые данные; нарушитель получает доступ к их незашифрованному представлению и возможность копирования.";"Угроза заключается в возможности неправомерного получения нарушителем копии защищаемой информации путём проведения последовательности неправомерных действий, включающих: несанкционированный доступ к защищаемой информации, копирование найденной информации на съёмный носитель (или в другое место, доступное нарушителю вне системы).
Данная угроза обусловлена слабостями механизмов разграничения доступа к защищаемой информации и контроля доступа лиц в контролируемой зоне.
Реализация данной угрозы возможна в случае отсутствия криптографических мер защиты или снятия копии в момент обработки защищаемой информации в нешифрованном виде";"Внешний нарушитель с низким потенциалом; Внутренний нарушитель с низким потенциалом";"1";"0";"0";"Опубликована";"2015-03-20 00:00:00";"2019-02-11 00:00:00";"";"thrlist.xlsx · Sheet · строка 90"
"УБИ.089";"Угроза несанкционированного редактирования реестра";"Системное программное обеспечение, использующее реестр, реестр";"Прямая";"Данные и файлы";"";"Реестр и конфигурационные записи приложения";"Изменение используемого приложением реестра нарушает его работу; источник прямо охватывает любой реестр приложения.";"";"Приложение использует реестр; нарушитель может изменять его через программу с избыточными правами.";"Угроза заключается в возможности внесения нарушителем изменений в используемый дискредитируемым приложением реестр, которые влияют на функционирование отдельных сервисов приложения или приложения в целом. При этом под реестром понимается не только реестр операционной системы Microsoft Windows, а любой реестр, используемый приложением. Изменение реестра может быть как этапом при осуществлении другого деструктивного воздействия, так и основной целью.
Данная угроза обусловлена слабостями механизма контроля доступа, заключающимися в присвоении реализующим его программам слишком высоких привилегий при работе с реестром.
Реализация данной угрозы возможна в случае получения нарушителем прав на работу с программой редактирования реестра";"Внешний нарушитель с низким потенциалом; Внутренний нарушитель с низким потенциалом";"1";"1";"1";"Опубликована";"2015-03-20 00:00:00";"2019-02-11 00:00:00";"";"thrlist.xlsx · Sheet · строка 91"
"УБИ.090";"Угроза несанкционированного создания учётной записи пользователя";"Системное программное обеспечение";"Для отдельных классов ПО";"Системное ПО";"";"Средства управления системными учётными записями";"Сценарий описывает создание системной учётной записи через файлы пользователей или средства операционной системы.";"";"ПО управляет учётными записями ОС либо защищает соответствующие файлы и административные средства.";"Угроза заключается в возможности создания нарушителем в системе дополнительной учётной записи пользователя и её дальнейшего использования в собственных неправомерных целях (входа в систему с правами этой учётной записи и осуществления деструктивных действий по отношению к дискредитированной системе или из дискредитированной системы по отношению к другим системам).
Данная угроза обусловлена слабостями механизмов разграничения доступа к защищаемой информации.
Реализация данной угрозы возможна в случае наличия и прав на запуск специализированных программ для редактирования файлов, содержащих сведения о пользователях системы (при удалённом доступе) или штатных средств управления доступом из состава операционной системы (при локальном доступе)";"Внешний нарушитель с низким потенциалом; Внутренний нарушитель с низким потенциалом";"1";"1";"1";"Опубликована";"2015-03-20 00:00:00";"2019-02-11 00:00:00";"";"thrlist.xlsx · Sheet · строка 92"
"УБИ.091";"Угроза несанкционированного удаления защищаемой информации";"Метаданные, объекты файловой системы, реестр";"Прямая";"Данные и файлы";"";"Защищаемые данные, метаданные и файловые объекты";"Программное удаление данных напрямую затрагивает доступность информации, обрабатываемой ПО.";"";"Рассматривается программная ветвь: нарушитель получает права на стирание данных или использует уязвимость соответствующего ПО.";"Угроза заключается в возможности причинения нарушителем экономического, информационного, морального и других видов ущерба собственнику и оператору неправомерно удаляемой информации путём осуществления деструктивного программного или физического воздействия на машинный носитель информации.
Данная угроза обусловлена недостаточностью мер по обеспечению доступности защищаемой информации в системе, а равно и наличием уязвимостей в программном обеспечении, реализующим данные меры.
Реализация данной угрозы возможна в случае получения нарушителем системных прав на стирание данных или физического доступа к машинному носителю информации на расстояние, достаточное для оказания эффективного деструктивного воздействия";"Внешний нарушитель с низким потенциалом; Внутренний нарушитель с низким потенциалом";"0";"0";"1";"Опубликована";"2015-03-20 00:00:00";"2019-02-11 00:00:00";"";"thrlist.xlsx · Sheet · строка 93"
"УБИ.093";"Угроза несанкционированного управления буфером";"Системное программное обеспечение, прикладное программное обеспечение, сетевое программное обеспечение";"Прямая";"Код и выполнение";"";"Буфер обмена и механизмы обработки его содержимого";"Доступ к буферу и ошибки проверки данных приводят к утечке или выполнению кода.";"";"ПО использует буфер обмена; нарушитель может воздействовать на его содержимое или соответствующую область памяти.";"Угроза заключается в возможности осуществления нарушителем несанкционированного доступа к данным, содержащимся в буфере обмена, в интересах ознакомления с хранящейся там информацией или осуществления деструктивного программного воздействия на систему (например, переполнение буфера для выполнения произвольного вредоносного кода).
Данная угроза обусловлена слабостями в механизме разграничения доступа к буферу обмена, а также слабостями в механизмах проверки вводимых данных.
Реализация данной угрозы возможна в случае осуществления нарушителем успешного несанкционированного доступа к сегменту оперативной памяти дискредитируемого объекта, в котором расположен буфер обмена";"Внешний нарушитель с низким потенциалом; Внутренний нарушитель с низким потенциалом";"1";"1";"1";"Опубликована";"2015-03-20 00:00:00";"2019-02-11 00:00:00";"";"thrlist.xlsx · Sheet · строка 95"
"УБИ.094";"Угроза несанкционированного управления синхронизацией и состоянием";"Системное программное обеспечение, прикладное программное обеспечение, сетевое программное обеспечение, микропрограммное обеспечение";"Прямая";"Код и выполнение";"";"Синхронизация, глобальные данные и состояние приложения";"Самостоятельная программная ветвь — изменение последовательности работы приложения через ошибки синхронизации и состояния.";"";"Приложение зависит от времени или общего состояния; нарушитель способен изменять данные в нужный момент. Ветка промышленных роботов в отбор не входит.";"Угроза заключается в возможности изменения нарушителем последовательности действий, выполняемых дискредитируемыми приложениями, использующими в своей работе технологии управления процессами на основе текущего времени и состояния информационной системы (например, текущих значений глобальных переменных, наличия запущенных процессов и др.), или в возможности модификации настроек и изменения режимов работы промышленных роботов, приводящих к вмешательству в производственный процесс и хищению хранящейся в памяти роботов информации (исходного кода, параметров продукции и др.).
Данная угроза основана на слабостях механизма управления синхронизацией и состоянием, позволяющих нарушителю вносить изменения в его работу в определённые промежутки времени, или отсутствии механизмов аутентификации и авторизации.
Реализация данной угрозы возможна при условии наличия у нарушителя возможности:
контролировать состояние дискредитируемого приложения (этапы выполнения алгоритма) или промышленных роботов;
отслеживать моменты времени, когда дискредитируемое приложение временно прерывает свою работу с глобальными данными;
выполнить деструктивные действия в определённые моменты времени (например, внести изменения в файл с данными или изменить содержимое ячейки памяти)";"Внешний нарушитель со средним потенциалом; Внутренний нарушитель со средним потенциалом";"0";"1";"1";"Опубликована";"2015-03-20 00:00:00";"2019-02-11 00:00:00";"";"thrlist.xlsx · Sheet · строка 96"
"УБИ.095";"Угроза несанкционированного управления указателями";"Системное программное обеспечение, прикладное программное обеспечение, сетевое программное обеспечение";"Прямая";"Код и выполнение";"";"Указатели и память приложения";"Изменение указателей позволяет исполнить произвольный код или остановить приложение.";"";"Нарушитель может изменять указатели приложения; присутствуют недостатки защиты памяти или её целостности.";"Угроза заключается в возможности выполнения нарушителем произвольного вредоносного кода от имени дискредитируемого приложения или приведения дискредитируемого приложения в состояние «отказ в обслуживании» путём изменения указателей на ячейки памяти, содержащие определённые данные, используемые дискредитируемым приложением.
Данная угроза связана с уязвимостями в средствах разграничения доступа к памяти и контроля целостности содержимого ячеек памяти.
Реализация данной угрозы возможна при условии наличия у нарушителя привилегий на изменение указателей, используемых дискредитируемым приложением";"Внешний нарушитель со средним потенциалом; Внутренний нарушитель со средним потенциалом";"1";"1";"1";"Опубликована";"2015-03-20 00:00:00";"2019-02-11 00:00:00";"";"thrlist.xlsx · Sheet · строка 97"
"УБИ.096";"Угроза несогласованности политик безопасности элементов облачной инфраструктуры";"Системное программное обеспечение, облачная система";"Для отдельных классов ПО";"Доступ и учетные данные";"";"Механизмы согласования политик доступа облачного ПО";"Несогласованные программные решения о доступе могут разрешить запрещённую операцию.";"";"ПО реализует облачную платформу или взаимодействующие механизмы авторизации с различными политиками.";"Угроза заключается в возможности осуществления нарушителем деструктивных программных воздействий как в отношении поставщиков, так и потребителей облачных услуг.
Данная угроза обусловлена недостаточностью проработки вопроса управления политиками безопасности элементов облачной инфраструктуры вследствие значительной распределённости облачной инфраструктуры.
Реализация данной угрозы возможна при условии использования различных политик безопасности, несогласованных между собой (например, одно средство защиты может отказать в доступе, а другое – предоставить доступ)";"Внешний нарушитель с низким потенциалом; Внутренний нарушитель с низким потенциалом";"1";"1";"1";"Опубликована";"2015-03-20 00:00:00";"2019-02-11 00:00:00";"";"thrlist.xlsx · Sheet · строка 98"
"УБИ.097";"Угроза несогласованности правил доступа к большим данным";"Хранилище больших данных";"Для отдельных классов ПО";"Доступ и учетные данные";"";"Авторизация и делегирование прав хранилища больших данных";"Ошибки согласования правил и делегирования прав приводят к неправомерному доступу или отказу легальному пользователю.";"";"ПО является хранилищем больших данных с делегированием привилегий и несколькими политиками доступа.";"Угроза заключается в возможности предоставления ошибочного неправомерного доступа к защищаемой информации или, наоборот, возможности отказа в доступе к защищаемой информации легальным пользователям в силу ошибок, допущенных при делегировании им привилегий другими легальными пользователями хранилища больших данных.
Данная угроза обусловлена недостаточностью мер по разграничению и согласованию доступа к информации различных пользователей в хранилище больших данных.
Реализация данной угрозы возможна при условии использования различных политик безопасности, несогласованных между собой (например, одно средство защиты может отказать в доступе, а другое – предоставить доступ)";"Внутренний нарушитель с низким потенциалом";"1";"0";"1";"Опубликована";"2015-03-20 00:00:00";"2019-02-11 00:00:00";"";"thrlist.xlsx · Sheet · строка 99"
"УБИ.098";"Угроза обнаружения открытых портов и идентификации привязанных к ним сетевых служб";"Сетевой узел, сетевое программное обеспечение, сетевой трафик";"Для отдельных классов ПО";"Веб и сетевые сервисы";"";"Открытые порты и доступные сетевые службы ПО";"Сканирование выявляет опубликованные программные службы и сведения об их конфигурации.";"";"ПО реализует сетевую службу вместе с механизмами ограничения её сетевой доступности либо межсетевую фильтрацию. Ошибки этих механизмов позволяют подключённому к сети нарушителю сканировать порты и узнавать конфигурацию. Само наличие открытого порта не означает применимость.";"Угроза заключается в возможности определения нарушителем состояния сетевых портов дискредитируемой системы (т.н. сканирование портов) для получения сведений о возможности установления соединения с дискредитируемой системой по данным портам, конфигурации самой системы и установленных средств защиты информации, а также других сведений, позволяющих нарушителю определить по каким портам деструктивные программные воздействия могут быть осуществлены напрямую, а по каким – только с использованием специальных техник обхода межсетевых экранов.
Данная угроза связана с уязвимостями и ошибками конфигурирования средств межсетевого экранирования и фильтрации сетевого трафика, используемых в дискредитируемой системе.
Реализация данной угрозы возможна при условии наличия у нарушителя подключения к дискредитируемой вычислительной сети и специализированного программного обеспечения, реализующего функции сканирования портов и анализа сетевого трафика";"Внешний нарушитель с низким потенциалом";"1";"0";"0";"Опубликована";"2015-03-20 00:00:00";"2019-05-21 00:00:00";"";"thrlist.xlsx · Sheet · строка 100"
"УБИ.100";"Угроза обхода некорректно настроенных механизмов аутентификации";"Системное программное обеспечение, сетевое программное обеспечение";"Прямая";"Доступ и учетные данные";"";"Механизм аутентификации и проверка входных данных";"Ошибки конфигурации и обработки данных позволяют получить привилегии без аутентификации.";"";"ПО выполняет аутентификацию; нарушитель может передавать ей данные, нарушающие условия корректной работы.";"Угроза заключается в возможности получения нарушителем привилегий в системе без прохождения процедуры аутентификации за счёт выполнения действий, нарушающих условия корректной работы средств аутентификации (например, ввод данных неподдерживаемого формата).
Данная угроза обусловлена в случае некорректных значений параметров конфигурации средств аутентификации и/или отсутствием контроля входных данных.
Реализация данной угрозы возможна при условии наличия ошибок в заданных значениях параметров настройки механизмов аутентификации";"Внешний нарушитель с низким потенциалом; Внутренний нарушитель с низким потенциалом";"1";"1";"1";"Опубликована";"2015-03-20 00:00:00";"2019-02-11 00:00:00";"";"thrlist.xlsx · Sheet · строка 102"
"УБИ.101";"Угроза общедоступности облачной инфраструктуры";"Объекты файловой системы, аппаратное обеспечение, облачный сервер";"Для отдельных классов ПО";"Виртуализация и контейнеры";"";"Программная изоляция данных и ресурсов потребителей облачных услуг";"Недостатки разделения общих ресурсов позволяют одному потребителю получить данные другого.";"";"ПО реализует многопользовательскую облачную платформу и изоляцию ресурсов разных потребителей.";"Угроза заключается в возможности осуществления несанкционированного доступа к защищаемой информации одного потребителя облачных услуг со стороны другого.
Данная угроза обусловлена тем, что из-за особенностей облачных технологий потребителям облачных услуг приходится совместно использовать одну и ту же облачную инфраструктуру.
Реализация данной угрозы возможна в случае допущения ошибок при разделении элементов облачной инфраструктуры между потребителями облачных услуг, а также при изоляции их ресурсов и обособлении данных друг от друга";"Внешний нарушитель со средним потенциалом";"1";"1";"1";"Опубликована";"2015-03-20 00:00:00";"2019-02-11 00:00:00";"";"thrlist.xlsx · Sheet · строка 103"
"УБИ.102";"Угроза опосредованного управления группой программ через совместно используемые данные";"Системное программное обеспечение, прикладное программное обеспечение, сетевое программное обеспечение";"Прямая";"Код и выполнение";"";"Общие данные взаимодействующих программ";"Компрометация одной программы позволяет менять общие данные и управлять работой других.";"";"Несколько программ используют общие переменные, память или файлы; нарушитель контролирует одну из них.";"Угроза заключается в возможности опосредованного изменения нарушителем алгоритма работы группы программ, использующих одновременно общие данные, через перехват управления над одной из них (ячейки оперативной памяти, глобальные переменные, файлы конфигурации и др.).
Данная угроза обусловлена наличием слабостей в механизме контроля внесённых изменений в общие данные каждой из программ в группе.
Реализация данной угрозы возможна в случае успешного перехвата нарушителем управления над одной из программ в группе программ, использующих общие данные";"Внешний нарушитель со средним потенциалом; Внутренний нарушитель со средним потенциалом";"0";"1";"1";"Опубликована";"2015-03-20 00:00:00";"2019-02-11 00:00:00";"";"thrlist.xlsx · Sheet · строка 104"
"УБИ.103";"Угроза определения типов объектов защиты";"Сетевой узел, сетевое программное обеспечение, сетевой трафик";"Прямая";"Веб и сетевые сервисы";"";"Выходные данные и ответы программных сервисов";"Характерные ответы ПО раскрывают его параметры и помогают выявлять подходящие уязвимости.";"";"Программа выдаёт доступные нарушителю ответы, по которым можно определить её реализацию или конфигурацию.";"Угроза заключается в возможности проведения нарушителем анализа выходных данных дискредитируемой системы с помощью метода, позволяющего определить точные значения параметров и свойств, однозначно присущих дискредитируемой системе (данный метод известен как «fingerprinting», с англ. «дактилоскопия»). Использование данного метода не наносит прямого вреда дискредитируемой системе. Однако сведения, собранные таким образом, позволяют нарушителю выявить слабые места дискредитируемой системы, которые могут быть использованы в дальнейшем при реализации других угроз.
Данная угроза обусловлена ошибками в параметрах конфигурации средств межсетевого экранирования, а также с отсутствием механизмов контроля входных и выходных данных.
Реализация данной угрозы возможна в случае наличия у нарушителя сведений о взаимосвязи выходных данных с конфигурацией дискредитируемой системы (документация на программные средства, стандарты передачи данных, спецификации и т.п.)";"Внешний нарушитель с низким потенциалом";"1";"0";"0";"Опубликована";"2015-03-20 00:00:00";"2019-02-11 00:00:00";"";"thrlist.xlsx · Sheet · строка 105"
"УБИ.105";"Угроза отказа в загрузке входных данных неизвестного формата хранилищем больших данных";"Хранилище больших данных, метаданные";"Для отдельных классов ПО";"Данные и файлы";"";"Приём и разбор входных данных хранилища больших данных";"Отказ механизма загрузки при неизвестном формате непосредственно затрагивает функцию обработки данных.";"";"ПО является хранилищем больших данных; ему передают входные данные неизвестного формата, которые оно должно принимать по условиям использования.";"Угроза заключается в возможности отказа хранилищем больших данных в приёме входных данных неизвестного формата от легального пользователя.
Данная угроза обусловлена отсутствием в хранилище больших данных механизма самостоятельной (автоматической) адаптации к новым форматам данных.
Реализация данной угрозы возможна при условии поступления запроса на загрузку в хранилище входных данных неизвестного формата";"Внутренний нарушитель с низким потенциалом";"0";"1";"1";"Опубликована";"2015-03-20 00:00:00";"2019-02-11 00:00:00";"";"thrlist.xlsx · Sheet · строка 107"
"УБИ.108";"Угроза ошибки обновления гипервизора";"Системное программное обеспечение, гипервизор";"Для отдельных классов ПО";"Виртуализация и контейнеры";"";"Гипервизор и механизм его обновления";"Ошибочное обновление кода гипервизора нарушает его защитные механизмы и совместимость.";"";"Объект анализа — гипервизор или средство его обновления; выполняется установка обновления.";"Угроза заключается в возможности дискредитации нарушителем функционирующих на базе гипервизора защитных механизмов, предотвращающих несанкционированный доступ к образам виртуальных машин, из-за ошибок его обновления.
Данная угроза обусловлена зависимостью функционирования каждого виртуального устройства и каждого виртуализированного субъекта доступа, а также всей виртуальной инфраструктуры (или её части, если используется более одного гипервизора) от работоспособности гипервизора.
Реализация данной угрозы возможна при условии возникновения ошибок в процессе обновления гипервизора:
сбоев в процессе его обновления;
обновлений, в ходе которых внедряются новые ошибки в код гипервизора;
обновлений, в ходе которых в гипервизор внедряется программный код, вызывающий несовместимость гипервизора со средой его функционирования;
других инцидентов безопасности информации";"Внутренний нарушитель с низким потенциалом";"1";"1";"1";"Опубликована";"2015-03-20 00:00:00";"2019-02-11 00:00:00";"";"thrlist.xlsx · Sheet · строка 110"
"УБИ.109";"Угроза перебора всех настроек и параметров приложения";"Системное программное обеспечение, прикладное программное обеспечение, сетевое программное обеспечение, микропрограммное обеспечение, реестр";"Прямая";"Код и выполнение";"";"Настройки и скрытые функции приложения";"Перебор конфигурации выявляет скрытые возможности или вызывает сбой программного продукта.";"";"Нарушитель вправе изменять параметры приложения; некоторые сочетания приводят к небезопасному поведению.";"Угроза заключается в возможности получения нарушителем доступа к дополнительному скрытому функционалу (информация о котором не была опубликована разработчиком) или приведению системы в состояние «отказ в обслуживании» при задании нарушителем некоторых параметров конфигурации программы, достигая таких значений параметров путём перебора всех возможных комбинаций.
Данная угроза обусловлена уязвимостями программного обеспечения, проявляющимися при его неправильной конфигурации.
Реализация данной угрозы возможна при условии наличия у нарушителя привилегий на изменение конфигурации программного обеспечения. При реализации данной угрозы, в отличии от других подобных угроз, нарушитель действует «вслепую» – простым путём перебора всевозможных комбинаций";"Внешний нарушитель со средним потенциалом; Внутренний нарушитель со средним потенциалом";"0";"1";"1";"Опубликована";"2015-03-20 00:00:00";"2019-02-11 00:00:00";"";"thrlist.xlsx · Sheet · строка 111"
"УБИ.110";"Угроза перегрузки грид-системы вычислительными заданиями";"Ресурсные центры грид-системы";"Для отдельных классов ПО";"Системное ПО";"";"Планировщик заданий и программный контроль очереди грид-системы";"Источник связывает перегрузку со слабостями контроля количества пользовательских заданий. При реализации этого контроля планировщиком угроза непосредственно относится к его программным ограничениям очереди и распределению ресурсов.";"";"Анализируется планировщик или связующее ПО грид-системы, контролирующее количество заданий пользователей. Нарушитель имеет право ставить задания в очередь и способен занять её множеством заданий, препятствуя работе других пользователей.";"Угроза заключается в возможности снижения пропускной способность ресурсных центров при отправке большого количества заданий одним пользователем (нарушителем) случайно или намеренно, что может сделать невозможной постановку заданий другими пользователями грид-системы в очередь на выполнение.
Данная угроза обусловлена слабостями мер по контролю в грид-системе за количеством вычислительных заданий, запускаемых пользователями грид-системы.
Реализация данной угрозы возможна при условии наличия у нарушителя прав на постановку заданий в очередь на выполнение грид-системой";"Внутренний нарушитель с низким потенциалом";"0";"0";"1";"Опубликована";"2015-03-20 00:00:00";"2019-02-11 00:00:00";"";"thrlist.xlsx · Sheet · строка 112"
"УБИ.111";"Угроза передачи данных по скрытым каналам";"Сетевой узел, сетевое программное обеспечение, сетевой трафик";"Прямая";"Данные и файлы";"";"Потоки данных и программные механизмы контроля их передачи";"Программная передача информации в легитимном потоке позволяет скрыть утечку или управляющие команды.";"";"Нарушитель может установить код, внедряющий данные в разрешённые потоки, и имеет доступ к каналу передачи; либо ПО отображает веб-страницы или письма с внешними пикселями отслеживания. Рассматривается программная передача и загрузка содержимого.";"Угроза заключается в возможности осуществления нарушителем неправомерного вывода защищаемой информации из системы, а также передаче управляющих команд путём её нестандартного (незаметного, скрытого) размещения в легитимно передаваемых по сети (или сохраняемых на отчуждаемые носители) открытых данных путём её маскирования под служебные протоколы, сокрытия в потоке других данных (стеганография), использования скрытых пикселей («пикселей отслеживания») и т.п.
Данная угроза обусловлена недостаточностью мер защиты информации от утечки, а также контроля потоков данных.
Реализация данной угрозы возможна при:
наличии у нарушителя прав в дискредитируемой системе на установку специализированного программного обеспечения, реализующего функции внедрения в пакеты данных, формируемых для передачи в системе, собственной информации;
доступа к каналам передачи данных;
посещении пользователем сайтов в сети Интернет и открытия электронных писем, содержащих скрытые пиксели";"Внешний нарушитель со средним потенциалом; Внутренний нарушитель со средним потенциалом";"1";"0";"0";"Опубликована";"2015-03-20 00:00:00";"2019-02-11 00:00:00";"";"thrlist.xlsx · Sheet · строка 113"
"УБИ.114";"Угроза переполнения целочисленных переменных";"Системное программное обеспечение, прикладное программное обеспечение, сетевое программное обеспечение";"Прямая";"Код и выполнение";"";"Обработка чисел и проверка входных данных";"Некорректные значения и результаты вычислений вызывают переполнение и сбои приложения.";"";"Приложение обрабатывает числовые данные, которыми может управлять нарушитель; проверки диапазонов недостаточны.";"Угроза заключается в возможности приведения нарушителем дискредитируемого приложения к сбоям в работе путём подачи на его входные интерфейсы данных неподдерживаемого формата или выполнения с его помощью операции, в результате которой будут получены данные неподдерживаемого дискредитируемым приложением формата.
Данная угроза обусловлена уязвимостями программного обеспечения, связанными с недостаточной проверкой такими приложениями корректности входных данных, а также тем, что операторы любого программного обеспечения способны правильно обрабатывать только определённые типы данных (например, только целые или только положительные числа).
Реализация данной угрозы возможна при условии наличия у нарушителя:
сведений о номенклатуре поддерживаемых дискредитируемым приложением форматов входных (или обрабатываемых) данных;
возможности взаимодействия с входным интерфейсом дискредитируемого приложения";"Внешний нарушитель со средним потенциалом; Внутренний нарушитель со средним потенциалом";"1";"1";"1";"Опубликована";"2015-03-20 00:00:00";"2019-02-11 00:00:00";"";"thrlist.xlsx · Sheet · строка 116"
"УБИ.115";"Угроза перехвата вводимой и выводимой на периферийные устройства информации";"Системное программное обеспечение, прикладное программное обеспечение, аппаратное обеспечение";"Для отдельных классов ПО";"Системное ПО";"";"Программная обработка ввода/вывода и драйверы периферии";"Клавиатурные шпионы и подменные драйверы непосредственно перехватывают данные на программном пути ввода/вывода.";"";"Анализируется ПО ввода/вывода, драйверы или системная защита этих потоков; нарушитель способен установить и запустить перехватывающую программу.";"Угроза заключается в возможности осуществления нарушителем несанкционированного доступа к информации, вводимой и выводимой на периферийные устройства, путём перехвата данных, обрабатываемых контроллерами периферийных устройств.
Данная угроза обусловлена недостаточностью мер защиты информации от утечки и контроля потоков данных, а также невозможностью осуществления защиты вводимой и выводимой на периферийные устройства информации с помощью криптографических средств (т.к. представление пользователям системы информации должно осуществляться в доступном для понимания виде).
Реализация данной угрозы возможна при условии наличия у нарушителя привилегий на установку и запуск специализированных вредоносных программ, реализующих функции «клавиатурных шпионов» (для получения нарушителем паролей пользователей), виртуальных драйверов принтеров (перехват документов, содержащих защищаемую информацию) и др.";"Внешний нарушитель с низким потенциалом; Внутренний нарушитель с низким потенциалом";"1";"0";"0";"Опубликована";"2015-03-20 00:00:00";"2019-02-11 00:00:00";"";"thrlist.xlsx · Sheet · строка 117"
"УБИ.116";"Угроза перехвата данных, передаваемых по вычислительной сети";"Сетевой узел, сетевой трафик";"Для отдельных классов ПО";"Веб и сетевые сервисы";"";"Механизмы защиты сетевого обмена ПО";"Ошибки сетевого ПО и открытая передача данных допускают перехват или подмену передаваемой информации.";"";"ПО реализует сетевой обмен и его защиту; нарушитель имеет доступ к сети, а обмен допускает скрытый перехват.";"Угроза заключается в возможности осуществления нарушителем несанкционированного доступа к сетевому трафику дискредитируемой вычислительной сети в пассивном («прослушивание» трафика) или активном (подмена пакетов, изменение их содержимого) режиме для сбора и анализа сведений (например, аутентификационной информации), которые могут быть использованы в дальнейшем для реализации других угроз, оставаясь при реализации данной угрозы невидимым (скрытным) получателем перехватываемых данных. Кроме того, нарушитель может проводить исследования других типов потоков данных, например, радиосигналов.
Данная угроза обусловлена слабостями механизмов сетевого взаимодействия, предоставляющими сторонним пользователям открытые данные о дискредитируемой системе, а также ошибками конфигурации сетевого программного обеспечения.
Реализация данной угрозы возможна в следующих условиях:
наличие у нарушителя доступа к дискредитируемой вычислительной сети;
неспособность технологий, с помощью которых реализована передача данных, предотвратить возможность осуществления скрытного прослушивания потока данных";"Внешний нарушитель с низким потенциалом";"1";"0";"0";"Опубликована";"2015-03-20 00:00:00";"2020-11-25 00:00:00";"";"thrlist.xlsx · Sheet · строка 118"
"УБИ.117";"Угроза перехвата привилегированного потока";"Системное программное обеспечение, прикладное программное обеспечение, сетевое программное обеспечение";"Прямая";"Код и выполнение";"";"Привилегированный поток и его входные данные";"Ошибки указателей, памяти и обратных вызовов позволяют перехватить поток с дополнительными правами.";"";"В приложении есть привилегированные участки кода; нарушитель может изменять его входные данные.";"Угроза заключается в возможности осуществления нарушителем несанкционированного доступа к потоку данных, созданного приложением с дополнительными привилегиями (к привилегированному потоку данных), путём синхронного (вызов привилегированной функции, возвращающей неправильное значение) или асинхронного (создание обратных вызовов, манипулирование указателями и т.п.) деструктивного программного воздействия на него.
Данная угроза обусловлена уязвимостями программного обеспечения, использующего в своей работе участки кода, исполняемого с дополнительными правами, наследуемыми создаваемыми привилегированными потоками (наличие ошибочных указателей, некорректное освобождение памяти и т.п.).
Реализация данной угрозы возможна в следующих условиях:
в дискредитируемом приложении существуют участки кода, требующие исполнения с правами, превышающими права обычных пользователей;
нарушитель обладает привилегиями, позволяющими вносить изменения во входные данные дискредитируемого приложения";"Внешний нарушитель со средним потенциалом; Внутренний нарушитель со средним потенциалом";"1";"1";"1";"Опубликована";"2015-03-20 00:00:00";"2019-02-11 00:00:00";"";"thrlist.xlsx · Sheet · строка 119"
"УБИ.118";"Угроза перехвата привилегированного процесса";"Системное программное обеспечение, прикладное программное обеспечение, сетевое программное обеспечение";"Прямая";"Код и выполнение";"";"Привилегированные процессы и наследование прав";"Уязвимости обработки данных или распределения прав позволяют управлять процессом с высокими привилегиями.";"";"ПО запускает привилегированные процессы; доступны уязвимый ввод либо средства управления такими процессами.";"Угроза заключается в возможности получения нарушителем права управления процессом, обладающим высокими привилегиями (например, унаследованными от пользователя или группы пользователей, выполняющих роль администраторов дискредитируемой системы), для выполнения произвольного вредоносного кода с правами дискредитированного процесса.
Данная угроза обусловлена уязвимостями программного обеспечения, выполняющего функции разграничения доступа (в алгоритме или параметрах конфигурации), приводящими к некорректному распределению прав доступа внутри древа наследуемых процессов.
Реализация данной угрозы возможна при выполнении одного из условий:
успешного введения нарушителем некорректных данных, приводящих к переполнению буфера или к реализации некоторых типов программных инъекций;
наличия у нарушителя привилегий на запуск системных утилит, предназначенных для управления процессами";"Внешний нарушитель со средним потенциалом; Внутренний нарушитель со средним потенциалом";"1";"1";"1";"Опубликована";"2015-03-20 00:00:00";"2019-02-11 00:00:00";"";"thrlist.xlsx · Sheet · строка 120"
"УБИ.119";"Угроза перехвата управления гипервизором";"Системное программное обеспечение, гипервизор, консоль управления гипервизором";"Для отдельных классов ПО";"Виртуализация и контейнеры";"";"Консоль управления гипервизором";"Эксплуатация программных интерфейсов консоли позволяет захватить управление гипервизором.";"";"ПО является гипервизором или его консолью; нарушитель может взаимодействовать с интерфейсом управления.";"Угроза заключается в возможности осуществления нарушителем несанкционированного доступа к информационным, программным и вычислительным ресурсам, зарезервированным и управляемым гипервизором, за счёт получения нарушителем права управления гипервизором путём эксплуатации уязвимостей консоли управления гипервизором.
Данная угроза обусловлена наличием у консоли управления гипервизором программных интерфейсов взаимодействия с другими субъектами доступа (процессами, программами) и, как следствие, возможностью несанкционированного доступа к данной консоли (программа уровня виртуализации), а также недостаточностью мер по разграничению доступа к данной консоли.
Реализация данной угрозы возможна при условии наличия у нарушителя прав на осуществление взаимодействия с консолью управления гипервизором";"Внешний нарушитель со средним потенциалом; Внутренний нарушитель со средним потенциалом";"1";"1";"1";"Опубликована";"2015-03-20 00:00:00";"2019-02-11 00:00:00";"";"thrlist.xlsx · Sheet · строка 121"
"УБИ.120";"Угроза перехвата управления средой виртуализации";"Информационная система, системное программное обеспечение";"Для отдельных классов ПО";"Виртуализация и контейнеры";"";"Консоль управления виртуальной инфраструктурой";"Уязвимости управляющей программы открывают управление всеми подконтрольными гипервизорами.";"";"ПО управляет средой виртуализации; нарушителю доступен интерфейс консоли управления.";"Угроза заключается в возможности осуществления нарушителем несанкционированного доступа к информационным, программным и вычислительным ресурсам, зарезервированным и управляемым всеми гипервизорами, реализующими среду виртуализации, за счёт получения нарушителем права управления этими гипервизорами путём эксплуатации уязвимостей консоли средства управления виртуальной инфраструктурой.
Данная угроза обусловлена наличием у консоли средства управления виртуальной инфраструктурой, реализуемого в рамках одной из виртуальных машин, программных интерфейсов взаимодействия с другими субъектами доступа (процессами, программами) и, как следствие, возможностью несанкционированного доступа к данной консоли (программа уровня управления виртуализации), а также недостаточностью мер по разграничению доступа к данной консоли.
Реализация данной угрозы возможна при условии наличия у нарушителя прав на осуществление взаимодействия с консолью средства управления виртуальной инфраструктурой";"Внешний нарушитель со средним потенциалом; Внутренний нарушитель со средним потенциалом";"1";"1";"1";"Опубликована";"2015-03-20 00:00:00";"2019-02-11 00:00:00";"";"thrlist.xlsx · Sheet · строка 122"
"УБИ.121";"Угроза повреждения системного реестра";"Объекты файловой системы, реестр";"Для отдельных классов ПО";"Системное ПО";"";"Системный реестр и механизмы его восстановления";"Повреждение файлов реестра и недостатки восстановления нарушают программные функции.";"";"Анализируется системное ПО, использующее реестр; возможны ошибки ОС либо несанкционированная запись в файлы реестра.";"Угроза заключается в возможности нарушения доступности части функционала или всей информационной системы из-за повреждения используемого в её работе реестра вследствие некорректного завершения работы операционной системы (неконтролируемая перезагрузка, возникновения ошибок в работе драйверов устройств и т.п.), нарушения целостности файлов, содержащих в себе данные реестра, возникновения ошибок файловой системы носителя информации или вследствие осуществления нарушителем деструктивного программного воздействия на файловые объекты, содержащие реестр.
Данная угроза обусловлена слабостями мер контроля доступа к файлам, содержащим данные реестра, мер резервирования и контроля целостности таких файлов, а также мер восстановления работоспособности реестра из-за сбоев в работе операционной системы.
Реализация данной угрозы возможна при одном из условий:
возникновения ошибок в работе отдельных процессов или всей операционной системы;
наличии у нарушителя прав доступа к реестру или файлам, содержащим в себе данные реестра";"Внешний нарушитель с низким потенциалом; Внутренний нарушитель с низким потенциалом";"0";"1";"1";"Опубликована";"2015-03-20 00:00:00";"2019-02-11 00:00:00";"";"thrlist.xlsx · Sheet · строка 123"
"УБИ.122";"Угроза повышения привилегий";"Системное программное обеспечение, сетевое программное обеспечение, информационная система";"Прямая";"Доступ и учетные данные";"";"Разграничение прав и привилегий программных процессов";"Ошибки алгоритма или настройки контроля доступа дают нарушителю дополнительные права.";"";"ПО разграничивает права субъектов; нарушитель может использовать соответствующую уязвимость.";"Угроза заключается в возможности осуществления нарушителем деструктивного программного воздействия на дискредитируемый процесс (или систему) или на другие процессы (или системы) от его (её) имени путём эксплуатации неправомерно полученных нарушителем дополнительных прав на управление дискредитированным объектом.
Данная угроза обусловлена уязвимостями программного обеспечения, выполняющего функции разграничения доступа (в алгоритме или параметрах конфигурации).
Реализация данной угрозы возможна при наличии у нарушителя программного обеспечения (типа «эксплойт»), специально разработанного для реализации данной угрозы в дискредитируемой системе";"Внешний нарушитель со средним потенциалом; Внутренний нарушитель со средним потенциалом";"1";"1";"1";"Опубликована";"2015-03-20 00:00:00";"2019-02-11 00:00:00";"";"thrlist.xlsx · Sheet · строка 124"
"УБИ.123";"Угроза подбора пароля BIOS";"Микропрограммное обеспечение BIOS/UEFI";"Для отдельных классов ПО";"Системное ПО";"";"Аутентификация консоли BIOS/UEFI";"Слабость проверки пароля в микропрограмме допускает подбор и доступ к настройкам.";"";"Объект анализа — BIOS/UEFI; доступна его консоль либо программный интерфейс проверки паролей.";"Угроза заключается в возможности осуществления нарушителем несанкционированного доступа к настройкам BIOS/UEFI путём входа в консоль BIOS/UEFI по паролю, подобранному программно или «вручную» с помощью методов тотального перебора вариантов или подбора по словарю.
Данная угроза обусловлена слабостями механизма аутентификации, реализуемого в консолях BIOS/UEFI.
Реализация данной угрозы возможна в одном из следующих случаев:
нарушитель может осуществить физический доступ к компьютеру и имеет возможность его перезагрузить;
нарушитель обладает специальным программным средством перебора паролей BIOS/UEFI и привилегиями в системе на установку и запуск таких средств";"Внутренний нарушитель с низким потенциалом";"1";"0";"1";"Опубликована";"2015-03-20 00:00:00";"2019-02-11 00:00:00";"";"thrlist.xlsx · Sheet · строка 125"
"УБИ.124";"Угроза подделки записей журнала регистрации событий";"Системное программное обеспечение";"Прямая";"Данные и файлы";"";"Журнал регистрации событий и его файлы";"Недостаточная защита журнала позволяет удалить следы действий или создать ложные записи.";"";"ПО ведёт журнал событий; нарушитель может редактировать записи или записывать данные в файлы журнала.";"Угроза заключается в возможности внесения нарушителем изменений в журналы регистрации событий безопасности дискредитируемой системы (удаление компрометирующих нарушителя записей или подделка записей о не произошедших событиях) для введения в заблуждение её администраторов или сокрытия следов реализации других угроз.
Данная угроза обусловлена недостаточностью мер по разграничению доступа к журналу регистрации событий безопасности.
Реализация данной угрозы возможна в одном из следующих случаев:
технология ведения журналов регистрации событий безопасности предполагает возможность их редактирования и нарушитель обладает необходимыми для этого привилегиями;
технология ведения журналов регистрации событий безопасности не предполагает возможность их редактирования, но нарушитель обладает привилегиями, необходимыми для осуществления записи в файлы журналов, а также специальными программными средствами, способными обрабатывать файлы журналов используемого в дискредитируемой системе формата";"Внешний нарушитель с низким потенциалом; Внутренний нарушитель с низким потенциалом";"0";"1";"0";"Опубликована";"2015-03-20 00:00:00";"2019-02-11 00:00:00";"";"thrlist.xlsx · Sheet · строка 126"
"УБИ.126";"Угроза подмены беспроводного клиента или точки доступа";"Сетевой узел, сетевое программное обеспечение, аппаратное обеспечение, точка беспроводного доступа";"Для отдельных классов ПО";"Веб и сетевые сервисы";"";"Клиентское ПО беспроводного подключения и проверка подлинности доверенного узла";"Описание прямо предусматривает передачу секретов клиентским ПО при автоматическом подключении к подменённому узлу из-за слабой аутентификации.";"";"Анализируется ПО, которое самостоятельно реализует беспроводное автоподключение и проверяет подлинность узла. В зоне доступности присутствует подменённый клиент или точка доступа. Для обычного приложения, использующего готовое сетевое соединение, эта программная ветвь не применяется.";"Угроза заключается в возможности получения нарушителем аутентификационной или другой защищаемой информации, передаваемой в ходе автоматического подключения точек беспроводного доступа или клиентского программного обеспечения к доверенным субъектам сетевого взаимодействия, подменённым нарушителем.
Данная угроза обусловлена слабостями механизма аутентификации субъектов сетевого взаимодействия при беспроводном доступе.
Реализация данной угрозы возможна в случае размещения нарушителем клиента или точки беспроводного доступа со специально сформированными параметрами работы (такими как MAC-адрес, название, используемый стандарт передачи данных и т.п.) в зоне доступности для дискредитируемых устройств беспроводного доступа";"Внешний нарушитель с низким потенциалом";"1";"0";"1";"Опубликована";"2015-03-20 00:00:00";"2019-02-11 00:00:00";"";"thrlist.xlsx · Sheet · строка 128"
"УБИ.127";"Угроза подмены действия пользователя путём обмана";"Прикладное программное обеспечение, сетевое программное обеспечение";"Прямая";"Веб и сетевые сервисы";"";"Пользовательский интерфейс и подтверждение операций";"Техническая ветвь включает прозрачные кнопки и подмену надписей, то есть манипуляцию программным интерфейсом.";"";"Нарушитель может влиять на представление элементов управления; пользователь имеет права на вызываемую операцию. Чисто социальная инженерия исключена.";"Угроза заключается в возможности нарушителя выполнения неправомерных действий в системе от имени другого пользователя с помощью методов социальной инженерии (обмана пользователя, навязывание ложных убеждений) или технических методов (использование прозрачных кнопок, подмена надписей на элементах управления и др.)
Данная угроза обусловлена слабостями интерфейса взаимодействия с пользователем или ошибками пользователя.
Реализация данной угрозы возможна при условии наличия у дискредитируемого пользователя прав на проведение нужных от него нарушителю операций";"Внешний нарушитель со средним потенциалом";"1";"1";"1";"Опубликована";"2015-03-20 00:00:00";"2019-02-11 00:00:00";"";"thrlist.xlsx · Sheet · строка 129"
"УБИ.128";"Угроза подмены доверенного пользователя";"Сетевой узел, сетевое программное обеспечение";"Прямая";"Доступ и учетные данные";"";"Проверка подлинности клиента при сетевом обмене";"Недостаточная аутентификация позволяет программе нарушителя выдавать себя за доверенного клиента.";"";"ПО обменивается данными от имени пользователей по сети и не обеспечивает достаточную проверку подлинности клиента.";"Угроза заключается в возможности нарушителя выдавать себя за легитимного пользователя и выполнять приём/передачу данных от его имени. Данную угрозу можно охарактеризовать как «имитация действий клиента».
Данная угроза обусловлена слабостями технологий сетевого взаимодействия, зачастую не позволяющими выполнить проверку подлинности источника/получателя информации.
Реализация данной угрозы возможна при наличии у нарушителя подключения к вычислительной сети, а также сведений о конфигурации сетевых устройств, типе используемого программного обеспечения и т.п.";"Внешний нарушитель с низким потенциалом";"1";"0";"0";"Опубликована";"2015-03-20 00:00:00";"2019-02-11 00:00:00";"";"thrlist.xlsx · Sheet · строка 130"
"УБИ.129";"Угроза подмены резервной копии программного обеспечения BIOS";"Микропрограммное и аппаратное обеспечение BIOS/UEFI";"Для отдельных классов ПО";"Поставка и обновления";"";"Резервная копия и восстановление BIOS/UEFI";"Подмена программного образа резервной копии приводит к установке вредоносного кода при восстановлении.";"";"Объект анализа — BIOS/UEFI или средство его восстановления; нарушитель может подменить резервный образ, который затем используется.";"Угроза заключается в возможности опосредованного внедрения нарушителем в BIOS/UEFI дискредитируемого компьютера вредоносного кода, путём ожидания или создания необходимости выполнения процедуры восстановления предыдущей версии программного обеспечения BIOS/UEFI, предварительно подменённой нарушителем.
Данная угроза обусловлена недостаточностью мер разграничения доступа и контроля целостности резервных копий программного обеспечения BIOS/UEFI.
Реализация данной угрозы возможна в следующих условиях:
нарушитель успешно подменил резервную копию программного обеспечения BIOS/UEFI;
возникла необходимость восстановления предыдущей версии программного обеспечения BIOS/UEFI (данное условие может произойти как случайно, так и быть спровоцировано нарушителем)";"Внутренний нарушитель с низким потенциалом";"0";"1";"0";"Опубликована";"2015-03-20 00:00:00";"2019-02-11 00:00:00";"";"thrlist.xlsx · Sheet · строка 131"
"УБИ.130";"Угроза подмены содержимого сетевых ресурсов";"Прикладное программное обеспечение, сетевое программное обеспечение, сетевой трафик";"Прямая";"Веб и сетевые сервисы";"";"Содержимое веб-ресурсов и передаваемых сообщений";"Недостаточная проверка целостности позволяет подменить страницы, письма или другие данные, обрабатываемые ПО.";"";"ПО публикует или получает сетевое содержимое; нарушитель может изменить его, а проверка подлинности недостаточна.";"Угроза заключается в возможности осуществления нарушителем несанкционированного доступа к защищаемым данным пользователей сети или проведения различных мошеннических действий путём скрытной подмены содержимого хранящихся (сайты, веб-страницы) или передаваемых (электронные письма, сетевые пакеты) по сети данных.
Данная угроза обусловлена слабостями технологий сетевого взаимодействия, зачастую не позволяющими выполнить проверку подлинности содержимого электронного сообщения.
Реализация данной угрозы возможна при условии наличия у нарушителя прав на доступ к сетевым ресурсам и отсутствии у пользователя сети мер по обеспечению их целостности";"Внешний нарушитель с низким потенциалом";"1";"0";"0";"Опубликована";"2015-03-20 00:00:00";"2019-02-11 00:00:00";"";"thrlist.xlsx · Sheet · строка 132"
"УБИ.131";"Угроза подмены субъекта сетевого доступа";"Прикладное программное обеспечение, сетевое программное обеспечение, сетевой трафик";"Прямая";"Доступ и учетные данные";"";"Проверка подлинности сервера и источника сообщений";"Подмена служебных сведений об отправителе позволяет имитировать доверенный источник данных.";"";"ПО принимает сетевые сообщения или взаимодействует с сервером без достаточной проверки подлинности источника.";"Угроза заключается в возможности осуществления нарушителем несанкционированного доступа к защищаемым данным пользователей сети или проведения различных мошеннических действий путём скрытной подмены в отправляемых дискредитируемым пользователем сетевых запросах сведений об отправителе сообщения. Данную угрозу можно охарактеризовать как «имитация действий сервера».
Данная угроза обусловлена слабостями технологий сетевого взаимодействия, зачастую не позволяющими выполнить проверку подлинности источника информации.
Реализация данной угрозы возможна при условии успешной выдачи себя нарушителем за законного отправителя (например, с помощью ложных фишинговых веб-сайтов). Ключевое отличие от «угрозы подмены содержимого сетевых ресурсов» заключается в том, что в данном случае нарушитель не изменяет оригинального содержимого электронного ресурса (веб-сайта, электронного письма), а только служебные сведения";"Внешний нарушитель со средним потенциалом";"1";"1";"0";"Опубликована";"2015-03-20 00:00:00";"2019-02-11 00:00:00";"";"thrlist.xlsx · Sheet · строка 133"
"УБИ.132";"Угроза получения предварительной информации об объекте защиты";"Сетевой узел, сетевое программное обеспечение, сетевой трафик, прикладное программное обеспечение";"Прямая";"Веб и сетевые сервисы";"";"Сообщения об ошибках и ответы сетевых интерфейсов";"Некорректные запросы раскрывают конфигурацию, трассировки стека и другие сведения о программе.";"";"Нарушитель может отправлять запросы сервису; его ответы или необработанные исключения раскрывают защищаемые сведения.";"Угроза заключается в возможности раскрытия нарушителем защищаемых сведений о состоянии защищённости дискредитируемой системы, её конфигурации и потенциальных уязвимостях и др., путём проведения мероприятий по сбору и анализу доступной информации о системе.
Данная угроза обусловлена наличием уязвимостей в сетевом программном обеспечении, позволяющим получить сведения о конфигурации отдельных программ или системы в целом (отсутствие контроля входных данных, наличие открытых сетевых портов, неправильная настройка политик безопасности и т.п.).
Реализация данной угрозы возможна при условии получения информации о дискредитируемой системе с помощью хотя бы одного из следующих способов изучения дискредитируемой системы:
анализ реакций системы на сетевые (в т.ч. синтаксически неверные или нестандартные) запросы к открытым в системе сетевым сервисам, которые могут стать причиной вызова необработанных исключений с подробными сообщениями об ошибках, содержащих защищаемую информацию (о трассировке стека, о конфигурации системы, о маршруте прохождения сетевых пакетов)
анализ реакций системы на строковые URI-запросы (в т.ч. неверные SQL-запросы, альтернативные пути доступа к файлам).
Данная угроза отличается от угрозы перехвата данных и других угроз сбора данных тем, что нарушитель активно опрашивает дискредитируемую систему, а не просто за ней наблюдает";"Внешний нарушитель со средним потенциалом";"1";"0";"0";"Опубликована";"2015-03-20 00:00:00";"2019-02-11 00:00:00";"";"thrlist.xlsx · Sheet · строка 134"
"УБИ.135";"Угроза потери и утечки данных, обрабатываемых в облаке";"Системное программное обеспечение, метаданные, объекты файловой системы";"Для отдельных классов ПО";"Данные и файлы";"";"Данные и программные механизмы защиты облачного сервиса";"Ошибки настройки программной защиты облачных данных могут нарушить их конфиденциальность, целостность и доступность.";"";"ПО является облачным сервисом и отвечает за защиту данных; рассматриваются ошибки его механизмов или настроек защиты.";"Угроза заключается в возможности нарушения конфиденциальности, целостности и доступности защищаемой информации потребителей облачных услуг, обрабатываемой в облачной системе.
Данная угроза обусловлена слабостями мер защиты информации, обрабатываемой в облачной системе.
Реализация данной угрозы возможна в случае допущения поставщиком (некорректный выбор или настройка средств защиты) или потребителем (потеря пароля, электронного ключа, вход с небезопасной консоли) облачных услуг ошибок при обеспечении безопасности защищаемой информации";"Внутренний нарушитель с низким потенциалом";"1";"1";"1";"Опубликована";"2015-03-20 00:00:00";"2019-02-11 00:00:00";"";"thrlist.xlsx · Sheet · строка 137"
"УБИ.136";"Угроза потери информации вследствие несогласованности работы узлов хранилища больших данных";"Информационная система, узлы хранилища больших данных";"Для отдельных классов ПО";"Данные и файлы";"";"Репликация распределённого хранилища больших данных";"Слабости программного механизма репликации приводят к ошибкам копирования и потере доступности данных.";"";"ПО реализует распределённое хранилище больших данных; узлы отключаются, отказывают или работают несогласованно.";"Угроза заключается в возможности допуска ошибок при копировании защищаемой информации при распределённом хранении данных на различных узлах хранилища больших данных вследствие несогласованности их работы, влекущих за собой невозможность осуществления легальным пользователем доступа к блокам или ко всей защищаемой информации.
Данная угроза обусловлена слабостями механизмов репликации данных, реализованных в узлах хранилища больших данных.
Реализация данной угрозы возможна в условиях отключения или выведения из строя одного или нескольких узлов за счёт специальных программных воздействий на узлы хранилища больших данных, а также возникновения технических или программных сбоев в работе их компонентов";"Внутренний нарушитель с низким потенциалом";"0";"1";"1";"Опубликована";"2015-03-20 00:00:00";"2019-02-11 00:00:00";"";"thrlist.xlsx · Sheet · строка 138"
"УБИ.140";"Угроза приведения системы в состояние «отказ в обслуживании»";"Информационная система, сетевой узел, системное программное обеспечение, сетевое программное обеспечение, сетевой трафик, телекоммуникационное устройство";"Прямая";"Веб и сетевые сервисы";"";"Обработка сетевых запросов и управление соединениями";"Исчерпание ресурсов обработчика запросов и ошибки реализации протоколов нарушают доступность сетевого ПО.";"";"ПО принимает сетевые соединения; поток запросов превышает доступные ресурсы либо использует ошибку реализации протокола.";"Угроза заключается в возможности отказа дискредитированной системой в доступе легальным пользователям при лавинообразном увеличении числа сетевых соединений с данной системой или при использовании недостатков реализации сетевых протоколов.
Данная угроза обусловлена тем, что для обработки каждого сетевого запроса системой потребляется часть её ресурсов, а также слабостями сетевых технологий, связанными с ограниченностью скорости обработки потоков сетевых запросов, и недостаточностью мер контроля за управлением соединениями и ошибками реализации сетевых протоколов.
Реализация данной угрозы возможна при условии превышения объёма запросов над объёмами доступных для их обработки ресурсов дискредитируемой системы или наличия ошибок реализации сетевых протоколов (например, формирование IP-адреса версии 6 на основе MAC-адреса, определение доступности IP-адреса, использование функции контроля целостности PPP-интерфейса и др.)";"Внешний нарушитель с низким потенциалом; Внутренний нарушитель с низким потенциалом";"0";"0";"1";"Опубликована";"2015-03-20 00:00:00";"2019-02-12 00:00:00";"";"thrlist.xlsx · Sheet · строка 142"
"УБИ.143";"Угроза программного выведения из строя средств хранения, обработки и (или) ввода/вывода/передачи информации";"Носитель информации, микропрограммное обеспечение, аппаратное обеспечение, телекоммуникационное устройство";"Для отдельных классов ПО";"Системное ПО";"";"Микропрограммное обеспечение устройств обработки, хранения и ввода-вывода";"Одна из прямо названных причин — уязвимость микропрограммы, на которую воздействуют командами или специально сформированными данными. Включена только эта программная ветвь отказа.";"";"Объект анализа — сама прошивка устройства; нарушитель может передать ей команды или входные данные, вызывающие отказ через её уязвимость. Воздействие только на предельные аппаратные режимы, износ и физическое повреждение исключены.";"Угроза заключается в возможности прерывания нарушителем технологии обработки информации в дискредитируемой системе путём осуществления деструктивного программного (локально или удалённо) воздействия на средства хранения (внешних, съёмных и внутренних накопителей), обработки (процессора, контроллера устройств и т.п.) и (или) ввода/вывода/передачи информации (клавиатуры и др.), в результате которого объект защиты перейдёт в состояние «отказ в обслуживании». При этом вывод его из этого состояния может быть невозможен путём перезагрузки системы, а потребует проведения ремонтно-восстановительных работ.
Данная угроза обусловлена наличием уязвимостей микропрограммного обеспечения средств хранения, обработки и (или) ввода/вывода/передачи информации, а также невозможности длительного нахождения средств хранения, обработки и (или) ввода/вывода/передачи информации в режиме предельно допустимых значений (частота системной шины, центрального процессора, количества обращений на чтение и/или запись и другие параметры).
Реализация данной угрозы возможна при наличии у нарушителя прав на отправку команды или специально сформированных входных данных на средства хранения, обработки и (или) ввода/вывода/передачи информации";"Внешний нарушитель со средним потенциалом; Внутренний нарушитель со средним потенциалом";"0";"1";"1";"Опубликована";"2015-03-20 00:00:00";"2019-02-12 00:00:00";"";"thrlist.xlsx · Sheet · строка 145"
"УБИ.144";"Угроза программного сброса пароля BIOS";"Микропрограммное обеспечение BIOS/UEFI, системное программное обеспечение";"Для отдельных классов ПО";"Системное ПО";"";"Программный интерфейс сброса пароля BIOS/UEFI";"Недостаточное ограничение доступа к функции сброса позволяет обойти аутентификацию микропрограммы.";"";"BIOS/UEFI предоставляет сброс пароля из ОС; нарушитель может вызвать этот интерфейс специальной программой.";"Угроза заключается в возможности осуществления нарушителем несанкционированного доступа к настройкам BIOS/UEFI после перезагрузки компьютера путём ввода «пустого» пароля.
Данная угроза обусловлена слабостями мер разграничения доступа в операционной системе к функции сброса пароля BIOS/UEFI.
Реализация данной угрозы возможна при условиях:
наличия в программном обеспечении BIOS/UEFI активного интерфейса функции программного сброса пароля непосредственно из-под операционной системы;
наличия у нарушителя специальных программных средств, реализующих сброс пароля, а также прав в операционной системе для установки и запуска данных средств";"Внутренний нарушитель с низким потенциалом";"1";"1";"0";"Опубликована";"2015-03-20 00:00:00";"2019-02-11 00:00:00";"";"thrlist.xlsx · Sheet · строка 146"
"УБИ.145";"Угроза пропуска проверки целостности программного обеспечения";"Системное программное обеспечение, прикладное программное обеспечение, сетевое программное обеспечение";"Прямая";"Поставка и обновления";"";"Проверка источника и целостности устанавливаемого ПО";"Подмена источника загрузки или обновления приводит к установке вредоносного кода при недостаточной проверке.";"";"ПО загружается, устанавливается или обновляется из сети; источник либо маршрут получения можно подменить, а проверка подлинности недостаточна.";"Угроза заключается в возможности внедрения нарушителем в дискредитируемую систему вредоносного программного обеспечения путём обманного перенаправления запросов пользователя или его программ на собственный сетевой ресурс, содержащий вредоносное программное обеспечение, для его «ручной» или «автоматической» загрузки с последующей установкой в дискредитируемую систему от имени пользователя или его программ.
Данная угроза обусловлена слабостями механизмов проверки целостности файлов программного обеспечения и/или проверки подлинности источника их получения.
Реализация данной угрозы возможна при условии успешного использования обманных техник одного из следующих методов:
«ручного метода» – нарушитель, используя обманные механизмы, убеждает пользователя перейти по ссылке на сетевой ресурс нарушителя, что приводит к запуску вредоносного кода на компьютере пользователя, или убеждает пользователя самостоятельно загрузить и установить вредоносную программу (например, под видом игры или антивирусного средства);
«автоматического метода» – нарушитель осуществляет деструктивное воздействие переадресацию функции автоматического обновления дискредитируемой программы на собственный вредоносный сервер";"Внешний нарушитель с низким потенциалом; Внутренний нарушитель с низким потенциалом";"0";"1";"1";"Опубликована";"2015-03-20 00:00:00";"2019-02-11 00:00:00";"";"thrlist.xlsx · Sheet · строка 147"
"УБИ.146";"Угроза прямого обращения к памяти вычислительного поля суперкомпьютера";"Вычислительные узлы суперкомпьютера, каналы передачи данных суперкомпьютера, системное программное обеспечение";"Для отдельных классов ПО";"Системное ПО";"";"Программная реализация и контроль протокола удалённого прямого доступа к памяти суперкомпьютера";"Причина угрозы — слабости протокола доступа к памяти удалённого параллельного процесса; исходный объект воздействия включает системное ПО. Применима программная часть реализации и контроля этого протокола, через которую нарушается изоляция памяти.";"";"Анализируется системное ПО суперкомпьютера, реализующее или контролирующее операции удалённого прямого доступа к памяти. Процесс нарушителя получил доступ к входным или выходным данным параллельных процессов и использует слабость протокола для чтения чужой памяти. Чисто аппаратный дефект без программной части в эту ветвь не входит.";"Угроза заключается в возможности осуществления процессом нарушителя, функционирующем в вычислительном поле суперкомпьютера, считывания защищаемых данных из оперативной памяти, выделенной для параллельного (дискредитируемого) процесса, с использованием операций удалённого прямого доступа к памяти.
Данная угроза обусловлена слабостями протокола прямого доступа к оперативной памяти, с помощью которого выполняется обращение к сегменту памяти, выделенному для удалённого параллельного процесса, функционирующего в вычислительном поле суперкомпьютера.
Реализация данной угрозы возможна при условии успешного осуществления нарушителем доступа к входным/выходным данным параллельных процессов в вычислительном поле суперкомпьютера";"Внешний нарушитель со средним потенциалом; Внутренний нарушитель со средним потенциалом";"1";"0";"0";"Опубликована";"2015-03-20 00:00:00";"2019-02-11 00:00:00";"";"thrlist.xlsx · Sheet · строка 148"
"УБИ.147";"Угроза распространения несанкционированно повышенных прав на всю грид-систему";"Ресурсные центры грид-системы, узлы грид-системы, грид-система, сетевое программное обеспечение";"Для отдельных классов ПО";"Доступ и учетные данные";"";"Клиентское и связующее ПО распределённой авторизации грид-системы";"Источник прямо указывает уязвимости клиентского ПО и слабости назначения прав, реализованные в связующем ПО. Программный механизм — неправомерное распространение привилегий.";"";"Анализируется грид-клиент или связующее ПО, реализующее распределённое назначение прав. Нарушитель уже повысил привилегии на одном узле, и программный механизм распространяет их на другие. Для произвольного приложения этот сценарий не применяется.";"Угроза заключается в возможности автоматического распространения на всю грид-систему несанкционированно полученных нарушителем на одном узле привилегий.
Данная угроза обусловлена наличием уязвимостей в клиентском программном обеспечении грид-системы и слабостями в механизме назначения прав пользователям, реализованном в связующем программном обеспечении.
Реализация данной угрозы возможна при условии успешного повышения нарушителем своих прав на одном узле грид-системы";"Внутренний нарушитель со средним потенциалом";"1";"1";"0";"Опубликована";"2015-03-20 00:00:00";"2019-02-11 00:00:00";"";"thrlist.xlsx · Sheet · строка 149"
"УБИ.148";"Угроза сбоя автоматического управления системой разграничения доступа хранилища больших данных";"Информационная система, система разграничения доступа хранилища больших данных";"Для отдельных классов ПО";"Доступ и учетные данные";"";"Автоматическое назначение прав хранилища больших данных";"Ошибки назначения и наследования полномочий непосредственно затрагивают программную авторизацию.";"";"ПО реализует хранилище больших данных с автоматическим управлением многочисленными учётными записями.";"Угроза заключается в возможности возникновения ситуаций, связанных c ошибками автоматического назначения пользователям прав доступа (наделение дополнительными полномочиями, ошибочное наследование, случайное восстановление «неактивных» учётных записей т.п.).
Данная угроза обусловлена слабостями мер контроля за большим количеством (от тысячи, а в некоторых случаях и до нескольких миллионов) учётных записей пользователей со стороны администраторов безопасности.
Реализация данной угрозы возможна при условии возникновения сбоев или ошибок в работе системы разграничения доступа хранилища больших данных";"";"1";"0";"1";"Опубликована";"2015-03-20 00:00:00";"2019-02-11 00:00:00";"";"thrlist.xlsx · Sheet · строка 150"
"УБИ.149";"Угроза сбоя обработки специальным образом изменённых файлов";"Метаданные, объекты файловой системы, системное программное обеспечение";"Прямая";"Код и выполнение";"";"Разбор файлов и метаданных приложением";"Специально изменённые файлы вызывают сбой и позволяют выполнять неправомерные действия от имени приложения.";"";"ПО обрабатывает файлы или их метаданные с недостаточной проверкой целостности и корректности. Нарушителю известны значения, вызывающие сбой, и в системе уже создан механизм перехвата управления обработкой этого сбоя.";"Угроза заключается в возможности осуществления нарушителем различных неправомерных действий от имени дискредитированных приложений путём вызова сбоя в их работе за счёт внесения изменений в обрабатываемые дискредитируемыми программами файлы или их метаданные.
Данная угроза обусловлена слабостями механизма проверки целостности обрабатываемых файлов и корректности, содержащихся в них данных.
Реализация данной угрозы возможна в условиях:
наличия у нарушителя сведений о форматах и значениях файлов, вызывающих сбой функционирования дискредитированных приложений при их обработке;
успешно созданном в дискредитируемой системе механизме перехвата управления над обработкой нарушителем программного сбоя";"Внешний нарушитель со средним потенциалом; Внутренний нарушитель со средним потенциалом";"1";"1";"1";"Опубликована";"2015-03-20 00:00:00";"2019-02-11 00:00:00";"";"thrlist.xlsx · Sheet · строка 151"
"УБИ.150";"Угроза сбоя процесса обновления BIOS";"Микропрограммное и аппаратное обеспечение BIOS/UEFI, каналы связи";"Для отдельных классов ПО";"Поставка и обновления";"";"Обновление микропрограмм BIOS/UEFI";"Недостатки проверки целостности, совместимости или процесса установки вносят критические ошибки в код микропрограммы.";"";"Анализируется BIOS/UEFI или средство его обновления; выполняется установка обновления.";"Угроза заключается в возможности выведения из строя компьютера из-за внесения критических ошибок в программное обеспечение BIOS/UEFI в результате нарушения процесса его обновления.
Данная угроза обусловлена слабостями технологий контроля за обновлением программного обеспечения BIOS/UEFI.
Реализация данной угрозы возможна в ходе проведения ремонта и обслуживания компьютера как при установке корректной/совместимой версии обновления (из-за сбоев, помех и т.п.), так и при установке повреждённой/несовместимой версии обновления (из-за отсутствия механизма проверки целостности и совместимости)";"Внутренний нарушитель со средним потенциалом";"0";"0";"1";"Опубликована";"2015-03-20 00:00:00";"2019-02-11 00:00:00";"";"thrlist.xlsx · Sheet · строка 152"
"УБИ.151";"Угроза сканирования веб-сервисов, разработанных на основе языка описания WSDL";"Сетевое программное обеспечение, сетевой узел";"Для отдельных классов ПО";"Веб и сетевые сервисы";"";"WSDL-интерфейс веб-службы";"Открытое описание WSDL раскрывает программные службы, интерфейсы и параметры их конфигурации.";"";"ПО публикует доступный нарушителю WSDL-интерфейс.";"Угроза заключается в возможности получения нарушителем сведений о текущей конфигурации веб-служб и наличии в ней уязвимостей путём исследования WSDL-интерфейса веб-сервера.
Данная угроза обусловлена недостаточностью мер по обеспечению конфиденциальности информации, реализованных в WSDL-сервисах, предоставляющих подробные сведения о портах, службах и соединениях, доступных пользователям.
Реализация данной угрозы возможна при наличии у нарушителя сетевого доступа к исследуемому сетевому ресурсу и специальных программных средств сканирования сети";"Внешний нарушитель с низким потенциалом";"1";"0";"0";"Опубликована";"2015-03-20 00:00:00";"2019-02-11 00:00:00";"";"thrlist.xlsx · Sheet · строка 153"
"УБИ.152";"Угроза удаления аутентификационной информации";"Системное программное обеспечение, микропрограммное обеспечение, учётные данные пользователя";"Прямая";"Доступ и учетные данные";"";"Аутентификационные данные и функции их сброса";"Неправомерный сброс или удаление учётных данных нарушает доступ либо передаёт привилегии нарушителю.";"";"ПО хранит учётные данные или предоставляет их сброс; нарушитель может вызвать функцию или изменить соответствующие данные.";"Угроза заключается в возможности отказа легитимным пользователям в доступе к информационным ресурсам, а также в возможности получения нарушителем привилегий дискредитированного пользователя за счёт сброса (обнуления, удаления) его аутентификационной информации.
Данная угроза обусловлена слабостями политики разграничения доступа к аутентификационной информации и средствам работы с учётными записями пользователей.
Реализация данной угрозы возможна при выполнении одного из следующих условий:
штатные средства работы с учётными записями пользователей обладают функционалом сброса аутентификационной информации, и нарушитель получил привилегии в дискредитируемой системе на использование данных средств;
нарушитель обладает специальным программным обеспечением, реализующим функцию сброса аутентификационной информации, и получил привилегии в дискредитируемой системе на использование данных средств";"Внешний нарушитель с низким потенциалом; Внутренний нарушитель с низким потенциалом";"1";"1";"1";"Опубликована";"2015-03-20 00:00:00";"2019-02-11 00:00:00";"";"thrlist.xlsx · Sheet · строка 154"
"УБИ.153";"Угроза усиления воздействия на вычислительные ресурсы пользователей при помощи сторонних серверов";"Информационная система, сетевой узел, системное программное обеспечение, сетевое программное обеспечение";"Для отдельных классов ПО";"Веб и сетевые сервисы";"";"Сетевые службы, обрабатывающие отражённый и усиленный трафик";"Сетевое ПО может исчерпать ресурсы при потоке ответов сторонних серверов, направленном на него нарушителем.";"";"Объект анализа — сетевая служба, получающая отражённый трафик; объём обработки превышает её доступные ресурсы. Перегрузка одного канала связи вне этой ветви.";"Угроза заключается в возможности осуществления нарушителем опосредованного деструктивного программного воздействия на дискредитируемую систему большим объёмом сетевого трафика, генерируемого сторонними серверами в ответ на сетевые запросы нарушителя, сформированные от имени дискредитируемой системы. Генерируемый сторонними серверами сетевой трафик значительно превышает объём сетевых запросов, формируемых нарушителем.
Данная угроза обусловлена слабостями мер межсетевого экранирования дискредитируемой информационной системы, мер контроля подлинности сетевых запросов на сторонних серверах, а также слабостями модели взаимодействия открытых систем.
Реализация данной угрозы возможна при условии наличия у нарушителя:
сведений о сторонних серверах с недостаточными мерами контроля подлинности сетевых запросов;
сведений о сетевом адресе дискредитируемой системы;
специального программного обеспечения, реализующего функции генерации сетевых пакетов";"Внешний нарушитель с низким потенциалом; Внутренний нарушитель с низким потенциалом";"0";"0";"1";"Опубликована";"2015-03-20 00:00:00";"2019-02-11 00:00:00";"";"thrlist.xlsx · Sheet · строка 155"
"УБИ.154";"Угроза установки уязвимых версий обновления программного обеспечения BIOS";"Микропрограммное обеспечение BIOS/UEFI";"Для отдельных классов ПО";"Поставка и обновления";"";"Обновляемый код BIOS/UEFI";"Установка версии с уязвимостями создаёт возможность выполнения вредоносного кода или изменения настроек микропрограммы.";"";"Объект анализа — BIOS/UEFI или механизм выбора и установки его обновлений.";"Угроза заключается в возможности внесения уязвимостей в программное обеспечение BIOS/UEFI в ходе его обновления, которые могут быть использованы в дальнейшем для приведения компьютера в состояние «отказ в обслуживании», несанкционированного изменения конфигурации BIOS/UEFI или выполнения вредоносного кода при каждом запуске компьютера.
Данная угроза обусловлена слабостями мер контроля отсутствия уязвимостей в только что вышедших версиях обновления программного обеспечения BIOS/UEFI.
Реализация данной угрозы возможна в ходе проведения ремонта и обслуживания компьютера";"Внешний нарушитель со средним потенциалом; Внутренний нарушитель со средним потенциалом";"1";"1";"1";"Опубликована";"2015-03-20 00:00:00";"2019-02-11 00:00:00";"";"thrlist.xlsx · Sheet · строка 156"
"УБИ.155";"Угроза утраты вычислительных ресурсов";"Информационная система, сетевой узел, носитель информации, системное программное обеспечение, сетевое программное обеспечение, сетевой трафик";"Прямая";"Код и выполнение";"";"Распределение и освобождение программных ресурсов";"Утечки и удержание ресурсов по запросам нарушителя лишают легальных пользователей возможности обработки.";"";"ПО выделяет ограниченные ресурсы; нарушитель способен инициировать их утечку или удержание без эффективного освобождения.";"Угроза заключается в возможности отказа легитимному пользователю в выделении ресурсов для обработки его запросов из-за исчерпания нарушителем свободных ресурсов в системе, осуществлённого путём их несанкционированного исключения из общего пула ресурсов на основе техник «утечки ресурсов» или «выделения ресурсов».
Данная угроза обусловлена слабостями механизма контроля за распределением вычислительных ресурсов между пользователями, а также мер межсетевого экранирования дискредитируемой информационной системы и контроля подлинности сетевых запросов на сторонних серверах.
Реализация данной угрозы возможна при условии наличия у нарушителя:
сведений о формате и параметрах деструктивных воздействий на систему, приводящих к исключению («утечки» или «выделению») свободных ресурсов из общего пула ресурсов дискредитируемой системы;
привилегий, достаточных для осуществления деструктивных воздействий («утечки» или «выделения») в дискредитируемой системе;
отсутствие у администраторов возможности: для техники «утечки ресурсов» – перезагрузки системы во время отправки нарушителем большого числа запросов на выделение ресурсов, а для техники «выделения ресурсов» – форсированного освобождения ресурсов, выделенных по запросам вредоносных процессов";"Внешний нарушитель с низким потенциалом; Внутренний нарушитель с низким потенциалом";"0";"0";"1";"Опубликована";"2015-03-20 00:00:00";"2019-02-11 00:00:00";"";"thrlist.xlsx · Sheet · строка 157"
"УБИ.158";"Угроза форматирования носителей информации";"Носитель информации";"Для отдельных классов ПО";"Системное ПО";"";"Системная функция форматирования носителей";"Недостаточное ограничение доступа к программной функции форматирования позволяет уничтожить данные.";"";"ПО предоставляет или контролирует функцию форматирования; нарушитель либо пользователь может её вызвать.";"Угроза заключается в возможности утраты хранящейся на форматируемом носителе информации, зачастую без возможности её восстановления, из-за преднамеренного или случайного выполнения процедуры форматирования носителя информации.
Данная угроза обусловлена слабостью мер ограничения доступа к системной функции форматирования носителей информации.
На реализацию данной угрозы влияют такие факторы как:
время, прошедшее после форматирования;
тип носителя информации;
тип файловой системы носителя;
интенсивность взаимодействия с носителем после форматирования и др.";"Внешний нарушитель с низким потенциалом; Внутренний нарушитель с низким потенциалом";"0";"1";"1";"Опубликована";"2015-03-20 00:00:00";"2019-02-11 00:00:00";"";"thrlist.xlsx · Sheet · строка 160"
"УБИ.159";"Угроза «форсированного веб-браузинга»";"Сетевой узел, сетевое программное обеспечение";"Прямая";"Веб и сетевые сервисы";"";"Маршруты, страницы и контроль доступа веб-приложения";"Прямое обращение к скрытым URL позволяет получить данные или вызвать привилегированные функции.";"";"ПО является веб-приложением; отдельные страницы и операции доступны по прямому адресу без достаточной проверки доступа.";"Угроза заключается в возможности получения нарушителем доступа к защищаемой информации, выполнения привилегированных операций или осуществления иных деструктивных воздействий на некорректно защищённые компоненты веб-приложений.
Данная угроза обусловлена слабостями (или отсутствием) механизма проверки корректности вводимых данных на веб-серверах.
Реализация данной угрозы возможна при условии успешной реализации «ручного ввода» в адресную строку веб-браузера определённых адресов веб-страниц и осуществления принудительного перехода по древу веб-сайта к страницам, ссылки на которые явно не указаны на веб-сайте";"Внешний нарушитель с низким потенциалом";"1";"0";"0";"Опубликована";"2015-03-20 00:00:00";"2019-02-11 00:00:00";"";"thrlist.xlsx · Sheet · строка 161"
"УБИ.161";"Угроза чрезмерного использования вычислительных ресурсов суперкомпьютера в ходе интенсивного обмена межпроцессорными сообщениями";"Вычислительные узлы суперкомпьютера";"Для отдельных классов ПО";"Системное ПО";"";"Программное распределение вычислительных ресурсов суперкомпьютера при межпроцессорном обмене";"Источник связывает отказ в обслуживании со слабостями контроля распределения вычислительных ресурсов при обработке задачи несколькими процессорами. Если этот контроль выполняет системное ПО, угроза относится к его механизму управления нагрузкой, а не только к физической мощности оборудования.";"";"Анализируется системное ПО суперкомпьютера, управляющее распределением ресурсов при параллельном выполнении задач. Выполняется задача с интенсивным межпроцессорным обменом, а программные ограничения не предотвращают исчерпание ресурсов. Обычное приложение, не управляющее этими ресурсами, в данную область не входит.";"Угроза заключается в возможности возникновения ситуации типа «отказ в обслуживании» со стороны вычислительного поля суперкомпьютера.
Данная угроза обусловлена слабостями мер контроля за распределением вычислительных ресурсов суперкомпьютера при обработке задачи несколькими процессорами.
Реализация данной угрозы возможна при условии выполнения суперкомпьютером специфичных вычислительных задач, в ходе которых генерируются межпроцессорные сообщения с большой интенсивностью";"Внутренний нарушитель с низким потенциалом";"0";"0";"1";"Опубликована";"2015-03-20 00:00:00";"2019-02-11 00:00:00";"";"thrlist.xlsx · Sheet · строка 163"
"УБИ.162";"Угроза эксплуатации цифровой подписи программного кода";"Системное программное обеспечение, прикладное программное обеспечение";"Прямая";"Поставка и обновления";"";"Подписанный программный код и механизм назначения привилегий по цифровой подписи";"Компрометация механизма подписи кода позволяет повысить привилегии программы.";"";"ПО использует подпись поставщика для назначения привилегий; нарушитель может внедрить код и использовать слабости механизма подписания.";"Угроза заключается в возможности повышения нарушителем привилегий в системах, использующих цифровую подпись кода в качестве связующей информации между программой и её привилегиями, путём дискредитации механизма подписывания программного кода.
Данная угроза обусловлена слабостями в механизме подписывания программного кода.
Реализация данной угрозы возможна при следующих условиях:
дискредитируемый программный код написан с помощью фреймворка (framework), поддерживающего подписывание программного кода;
дискредитируемый программный код подписан вендором (поставщиком программного обеспечения);
нарушитель имеет возможность внедрить программный код в дискредитируемый компьютер";"Внешний нарушитель с низким потенциалом; Внутренний нарушитель с низким потенциалом";"1";"1";"1";"Опубликована";"2015-03-20 00:00:00";"2019-02-11 00:00:00";"";"thrlist.xlsx · Sheet · строка 164"
"УБИ.163";"Угроза перехвата исключения/сигнала из привилегированного блока функций";"Системное программное обеспечение";"Прямая";"Код и выполнение";"";"Привилегированные блоки функций и обработка исключений программы";"Небезопасные исключения из привилегированного блока позволяют обойти программное разграничение доступа.";"";"Язык и среда поддерживают привилегированные блоки; блоки вызываются небезопасно, а нарушитель может перехватывать их исключения или сигналы.";"Угроза заключается в возможности нарушителя получить права на доступ к защищаемой информации путём перехвата исключений/сигналов, сгенерированных участком программного кода, исполняемого с повышенными привилегиями (привилегированным блоком функций) и содержащего команды по управлению защищаемой информацией.
Данная угроза обусловлена тем, что вызов программных функций в привилегированном режиме подразумевает отключение для них механизмов разграничения доступа.
Реализация данной угрозы возможна при следующих условиях:
дискредитируемая программа, написана на языке программирования, поддерживающего механизм привилегированных блоков (например, Java);
в дискредитируемой программе вызов привилегированных блоков осуществлён небезопасным способом (использовано публичное объявление внутренних функций, использована генерация исключений из привилегированного блока);
нарушитель обладает правами, достаточными для перехвата программных исключений в системе";"Внешний нарушитель со средним потенциалом; Внутренний нарушитель со средним потенциалом";"1";"1";"1";"Опубликована";"2015-03-31 00:00:00";"2019-02-11 00:00:00";"";"thrlist.xlsx · Sheet · строка 165"
"УБИ.165";"Угроза включения в проект не достоверно испытанных компонентов";"Программное обеспечение, техническое средство, информационная система, ключевая система информационной инфраструктуры";"Прямая";"Поставка и обновления";"";"Сторонние программные компоненты, включаемые в продукт";"Выбор непроверенных компонентов прямо затрагивает состав, надежность и безопасность разрабатываемого ПО.";"";"При проектировании ПО выбираются сторонние компоненты без достоверной проверки требуемых характеристик.";"Угроза заключается в возможности нарушения безопасности защищаемой информации вследствие выбора для применения в системе компонентов не в соответствии с их заданными проектировщиком функциональными характеристиками, надёжностью, наличием сертификатов и др.
Данная угроза обусловлена недостаточностью мер по контролю за ошибками в ходе проектирования систем, связанных с безопасностью.
Реализация данной угрозы возможна при условии выбора для применения в системе компонентов по цене, разрекламированности и др.";"Внутренний нарушитель со средним потенциалом";"1";"1";"1";"Опубликована";"2015-05-25 00:00:00";"2019-02-11 00:00:00";"";"thrlist.xlsx · Sheet · строка 167"
"УБИ.166";"Угроза внедрения системной избыточности";"Программное обеспечение, информационная система, ключевая система информационной инфраструктуры";"Прямая";"Код и выполнение";"";"Архитектура и состав программных компонентов";"Избыточные компоненты самого ПО снижают скорость обработки данных и доступность.";"";"В проекте ПО имеются изначально ненужные компоненты или компоненты, утратившие необходимость после изменения задач.";"Угроза заключается в возможности снижения скорости обработки данных (т.е. доступности) компонентами программного обеспечения (или системы в целом) из-за внедрения в него (в неё) избыточных компонентов (изначально ненужных или необходимость в которых отпала при внесении изменений в проект).
Данная угроза обусловлена недостаточностью мер по контролю за ошибками в ходе проектирования систем, связанных с безопасностью.
Реализация данной угрозы возможна при условии внесения изменений в перечень задач, решаемых проектируемым программным обеспечением (проектируемой системой)";"Внутренний нарушитель со средним потенциалом";"0";"0";"1";"Опубликована";"2015-05-25 00:00:00";"2019-02-11 00:00:00";"";"thrlist.xlsx · Sheet · строка 168"
"УБИ.167";"Угроза заражения компьютера при посещении неблагонадёжных сайтов";"Сетевой узел, сетевое программное обеспечение";"Для отдельных классов ПО";"Веб и сетевые сервисы";"";"Браузер или программный компонент просмотра веб-содержимого";"Посещение вредоносных сайтов приводит к скрытой установке и запуску кода в программной среде пользователя.";"";"ПО открывает внешние сайты или выполняет их содержимое; пользователь посещает неблагонадежный сайт, а средства контроля не предотвращают установку кода.";"Угроза заключается в возможности нарушения безопасности защищаемой информации вредоносными программами, скрытно устанавливаемыми при посещении пользователями системы с рабочих мест (намеренно или при случайном перенаправлении) сайтов с неблагонадёжным содержимым и запускаемыми с привилегиями дискредитированных пользователей.
Данная угроза обусловлена слабостями механизмов фильтрации сетевого трафика и антивирусного контроля на уровне организации.
Реализация данной угрозы возможна при условии посещения пользователями системы с рабочих мест сайтов с неблагонадёжным содержимым";"Внутренний нарушитель с низким потенциалом";"1";"1";"1";"Опубликована";"2015-05-25 00:00:00";"2019-02-11 00:00:00";"";"thrlist.xlsx · Sheet · строка 169"
"УБИ.168";"Угроза «кражи» учётной записи доступа к сетевым сервисам";"Сетевое программное обеспечение";"Прямая";"Доступ и учетные данные";"";"Учетные записи сетевого сервиса и привязка к электронной почте";"Повторное занятие связанного с учетной записью почтового адреса позволяет захватить учетную запись сервиса.";"";"Сервис связывает доступ к учетной записи с адресом электронной почты; этот адрес свободен для регистрации и известен нарушителю.";"Угроза заключается в возможности неправомерного ознакомления нарушителем с защищаемой информацией пользователя путём получения информации идентификации/аутентификации, соответствующей учётной записи доступа пользователя к сетевым сервисам (социальной сети, облачным сервисам и др.), с которой связан неактивный/несуществующий адрес электронной почты.
Данная угроза обусловлена недостаточностью мер контроля за активностью/существованием ящиков электронной почты.
Реализация данной угрозы возможна при условиях:
наличия статуса «свободен для занимания» у адреса электронной почты, с которым связана учётная запись доступа пользователя к сетевым сервисам (например, если пользователь указал при регистрации несуществующий адрес или долго не обращался к почтовому ящику, вследствие чего, его отключили);
наличия у нарушителя сведений об адресе электронной почты, с которым связана учётная запись дискредитируемого пользователя для доступа к сетевым сервисам";"Внешний нарушитель с низким потенциалом";"1";"0";"1";"Опубликована";"2015-05-25 00:00:00";"2019-02-11 00:00:00";"";"thrlist.xlsx · Sheet · строка 170"
"УБИ.169";"Угроза наличия механизмов разработчика";"Программное обеспечение, техническое средство";"Прямая";"Код и выполнение";"";"Отладочные функции и интерфейсы программного продукта";"Оставленные в программе механизмы разработки позволяют перехватить управление программой.";"";"В выпускаемом ПО не удалены или доступны отладочные механизмы.";"Угроза заключается в возможности перехвата управления программой за счёт использования отладочных механизмов (специальных программных функций или аппаратных элементов, помогающих проводить тестирование и отладку средств во время их разработки).
Данная угроза обусловлена недостаточностью мер по контролю за ошибками в ходе разработки средств защиты информации.
Реализация данной угрозы возможна при условии, что в программе не удалены отладочные механизмы";"Внутренний нарушитель со средним потенциалом";"1";"1";"1";"Опубликована";"2015-05-25 00:00:00";"2019-02-11 00:00:00";"";"thrlist.xlsx · Sheet · строка 171"
"УБИ.170";"Угроза неправомерного шифрования информации";"Объект файловой системы";"Прямая";"Данные и файлы";"";"Защищаемые файлы и данные, обрабатываемые ПО";"Несанкционированное программное шифрование лишает пользователя доступа к данным.";"";"Нарушитель может запустить средство шифрования, определить защищаемые файлы и получить доступ на их изменение.";"Угроза заключается в возможности фактической потери доступности защищаемых данных из-за их несанкционированного криптографического преобразования нарушителем с помощью известного только ему секретного ключа.
Данная угроза обусловлена наличием слабостей в антивирусной защите, а также в механизмах разграничения доступа.
Реализация данной угрозы возможна при условии успешной установки нарушителем на дискредитируемый компьютер средства криптографического преобразования информации, а также успешного обнаружения (идентификации) нарушителем защищаемых файлов";"Внешний нарушитель с низким потенциалом";"0";"0";"1";"Опубликована";"2015-05-25 00:00:00";"2019-02-11 00:00:00";"";"thrlist.xlsx · Sheet · строка 172"
"УБИ.171";"Угроза скрытного включения вычислительного устройства в состав бот-сети";"Сетевой узел, сетевое программное обеспечение";"Для отдельных классов ПО";"Код и выполнение";"";"Сетевое ПО и программные механизмы удаленного управления";"Эксплуатация уязвимостей сетевого ПО и внедрение backdoor передают управление программной средой нарушителю.";"";"Анализируется сетевое ПО или ОС, уязвимости которых позволяют внедрить и выполнять код бота. Сценарий не переносится на произвольное приложение только потому, что оно установлено на заражённом устройстве.";"Угроза заключается в возможности опосредованного осуществления нарушителем деструктивного воздействия на информационные системы с множества вычислительных устройств (компьютеров, мобильных технических средств и др.), подключённых к сети Интернет, за счёт захвата управления такими устройствам путём несанкционированной установки на них:
вредоносного ПО типа Backdoor для обеспечения нарушителя возможностью удалённого доступа/управления дискредитируемым вычислительным устройством;
клиентского ПО для включения в ботнет и использования созданного таким образом ботнета в различных противоправных целях (рассылка спама, проведение атак типа «отказ в обслуживании» и др.).
Данная угроза обусловлена уязвимостями в сетевом программном обеспечении и слабостями механизмов антивирусного контроля и межсетевого экранирования.
Реализация данной угрозы возможна при условии наличия выхода с дискредитируемого вычислительного устройства в сеть Интернет";"Внешний нарушитель с низким потенциалом";"0";"0";"1";"Опубликована";"2015-05-25 00:00:00";"2019-02-11 00:00:00";"";"thrlist.xlsx · Sheet · строка 173"
"УБИ.172";"Угроза распространения «почтовых червей»";"Сетевое программное обеспечение";"Для отдельных классов ПО";"Веб и сетевые сервисы";"";"Почтовое ПО, обработчик писем и вложений, адресная книга";"Вредоносный код устанавливается при получении писем и использует почтовые функции для распространения.";"";"ПО обрабатывает электронную почту; есть почтовый ящик и адресная книга хотя бы с одним контактом, а проверка писем не блокирует червя.";"Угроза заключается в возможности нарушения безопасности защищаемой информации пользователя вредоносными программами, скрытно устанавливаемыми при получении пользователями системы электронных писем, содержащих вредоносную программу типа «почтовый червь», а также невольного участия в дальнейшем противоправном распространении вредоносного кода.
Данная угроза обусловлена слабостями механизмов антивирусного контроля.
Реализация данной угрозы возможна при условии наличия у дискредитируемого пользователя электронного почтового ящика, а также наличия в его адресной книге хотя бы одного адреса другого пользователя";"Внешний нарушитель с низким потенциалом";"1";"1";"1";"Опубликована";"2015-05-25 00:00:00";"2019-02-11 00:00:00";"";"thrlist.xlsx · Sheet · строка 174"
"УБИ.173";"Угроза «спама» веб-сервера";"Сетевое программное обеспечение";"Для отдельных классов ПО";"Веб и сетевые сервисы";"";"Веб-сервис приема сообщений или пользовательских публикаций";"Недостаточная фильтрация пользовательских сообщений позволяет злоупотреблять функционалом веб-сервера.";"";"Активен прием почты, сообщений, публикаций, голосов либо аналогичный сетевой функционал; фильтрация массовых нежелательных сообщений уязвима.";"Угроза заключается в возможности неправомерного осуществления нарушителем массовой рассылки коммерческих, политических, мошеннических и иных сообщений на веб-сервер без запроса со стороны дискредитируемых веб-серверов.
Данная угроза обусловлена уязвимостями механизмов фильтрации сообщений, поступающих из сети Интернет.
Реализация данной угрозы возможна при условии наличия в дискредитируемом веб-сервере активированного функционала, реализующего различные почтовые сервера, службы доставки мгновенных сообщений, блоги, форумы, аукционы веб-магазинов, онлайн-сервисы отправки SMS-сообщений, онлайн-сервисы голосования и др.";"Внешний нарушитель с низким потенциалом";"0";"0";"1";"Опубликована";"2015-05-25 00:00:00";"2019-02-11 00:00:00";"";"thrlist.xlsx · Sheet · строка 175"
"УБИ.174";"Угроза «фарминга»";"Рабочая станция, сетевое программное обеспечение, сетевой трафик";"Для отдельных классов ПО";"Веб и сетевые сервисы";"";"DNS-сервис и веб-приложение, принимающее конфиденциальные данные";"В описании есть уязвимости DNS-сервера и отсутствие обязательного безопасного соединения у подлинного сайта.";"";"ПО реализует DNS либо веб-сайт принимает конфиденциальные данные без обязательного безопасного соединения; нарушитель может организовать перенаправление на поддельный сайт.";"Угроза заключается в возможности неправомерного ознакомления нарушителем с защищаемой информацией (в т.ч. идентификации/аутентификации) пользователя путём скрытного перенаправления пользователя на поддельный сайт (выглядящий одинаково с оригинальным), на котором от дискредитируемого пользователя требуется ввести защищаемую информацию.
Данная угроза обусловлена уязвимостями DNS-сервера, маршрутизатора.
Реализация данной угрозы возможна при условии наличия у нарушителя:
сведений о конкретных сайтах, посещаемых пользователем, на которых требуется ввод защищаемой информации;
средств создания и запуска поддельного сайта;
специальных программных средств типа «эксплойт», реализующих перенаправление пользователя на поддельный сайт.
Кроме того, угрозе данного типа подвержены подлинные сайты, не требующие установления безопасного соединения перед вводом информации ограниченного доступа";"Внешний нарушитель с низким потенциалом";"1";"0";"0";"Опубликована";"2015-05-25 00:00:00";"2019-02-11 00:00:00";"";"thrlist.xlsx · Sheet · строка 176"
"УБИ.178";"Угроза несанкционированного использования системных и сетевых утилит";"Системное программное обеспечение";"Для отдельных классов ПО";"Системное ПО";"";"Системные и сетевые утилиты администрирования";"Легитимные программные утилиты могут использоваться для несанкционированного воздействия.";"";"Продукт включает утилиты администрирования либо управляет их запуском; нарушитель имеет привилегии для запуска имеющихся или внедренных утилит.";"Угроза заключается в возможности осуществления нарушителем деструктивного программного воздействия на систему за счёт использования имеющихся или предварительно внедрённых стандартных (известных и обычно не определяемых антивирусными программами как вредоносных) системных и сетевых утилит, предназначенных для использования администратором для диагностики и обслуживания системы (сети).
Реализация данной угрозы возможна при условиях:
наличие в системе стандартных системных и сетевых утилит или успешное их внедрение нарушителем в систему и сокрытие (с использованием существующих архивов, атрибутов «скрытый» или «только для чтения» и др.);
наличие у нарушителя привилегий на запуск таких утилит";"Внешний нарушитель с низким потенциалом; Внутренний нарушитель с низким потенциалом";"1";"1";"1";"Опубликована";"2015-08-18 00:00:00";"2019-02-11 00:00:00";"";"thrlist.xlsx · Sheet · строка 180"
"УБИ.179";"Угроза несанкционированной модификации защищаемой информации";"Объекты файловой системы";"Прямая";"Данные и файлы";"";"Хранимые программой файлы и защищаемые данные";"Помимо физического воздействия прямо описаны программное изменение и затирание данных.";"";"Для программного сценария нарушитель получает права записи к защищаемым данным; физический вариант не относится к отбору ПО.";"Угроза заключается в возможности нарушения целостности защищаемой информации путём осуществления нарушителем деструктивного физического воздействия на машинный носитель информации или деструктивного программного воздействия (в т.ч. изменение отдельных бит или полное затирание информации) на данные, хранящиеся на нём.
Реализация данной угрозы возможна в случае получения нарушителем системных прав на запись данных или физического доступа к машинному носителю информации на расстояние, достаточное для оказания эффективного деструктивного воздействия";"Внешний нарушитель с низким потенциалом; Внутренний нарушитель с низким потенциалом";"0";"1";"0";"Опубликована";"2015-08-18 00:00:00";"2019-02-11 00:00:00";"";"thrlist.xlsx · Sheet · строка 181"
"УБИ.181";"Угроза перехвата одноразовых паролей в режиме реального времени";"Сетевое программное обеспечение";"Прямая";"Доступ и учетные данные";"";"Одноразовые пароли и подтверждение критических операций";"Перехваченный действующий одноразовый пароль позволяет выполнить операцию от имени пользователя.";"";"ПО использует одноразовые пароли; нарушитель знает постоянные учетные данные и может перехватить передаваемый пароль до истечения его срока.";"Угроза заключается в возможности получения нарушителем управления критическими операциями пользователя путём перехвата одноразовых паролей, высылаемых системой автоматически, и использования их для осуществления неправомерных действий до того, как истечёт их срок действия (обычно, не более 5 минут).
Реализация данной угрозы возможна при выполнении следующих условий:
наличие у нарушителя сведений об информации идентификации/аутентификации дискредитируемого пользователя условно-постоянного действия;
успешное осуществление нарушителем перехвата трафика между системой и пользователем";"Внешний нарушитель со средним потенциалом";"0";"1";"0";"Опубликована";"2015-08-18 00:00:00";"2019-02-11 00:00:00";"";"thrlist.xlsx · Sheet · строка 183"
"УБИ.184";"Угроза агрегирования данных, обрабатываемых с помощью мобильного устройства";"Мобильное устройство";"Для отдельных классов ПО";"Поставка и обновления";"";"Мобильное приложение, встроенный SDK и системное ПО мобильной платформы";"Встраиваемое в мобильную программу ПО под видом платформы разработки собирает пользовательские данные.";"";"Разрабатывается или используется мобильное ПО со сторонним SDK либо встроенным системным компонентом, получающим доступ к пользовательским данным и каналам передачи.";"Угроза заключается в возможности осуществления нарушителем сбора и анализа информации, обрабатываемой с помощью мобильного устройства, за счёт использования специального программного обеспечения, встраиваемого пользователем в системное программное обеспечение мобильного устройства, а также встраиваемого в мобильные программы под видом программной платформы для их разработки другими компаниями.
Данная угроза обусловлена наличием в мобильном устройстве множества каналов передачи данных, а также сложностью контроля потоков информации в таком устройстве.
Реализация данной угрозы возможна при условии использования мобильных устройств пользователями. В качестве собираемой информации могут выступать:
персональные данные пользователя и контактирующих с ним лиц (пол, возраст, религиозные и политические взгляды и др.);
информация ограниченного доступа (история браузера, список контактов пользователя, история звонков и др.);
данные об окружающей среде (текущее местоположение мобильного устройства, маршруты движения, наличие беспроводных сетей в радиусе доступа);
видеоданные, снимаемые видеокамерами мобильного устройства;
аудиоданные, снимаемые микрофоном устройства";"Внутренний нарушитель со средним потенциалом";"1";"0";"0";"Опубликована";"2016-06-23 00:00:00";"2019-02-11 00:00:00";"";"thrlist.xlsx · Sheet · строка 186"
"УБИ.185";"Угроза несанкционированного изменения параметров настройки средств защиты информации";"Средство защиты информации";"Для отдельных классов ПО";"Защитное ПО";"";"Конфигурационные файлы и интерфейс управления программного средства защиты";"Недостаточное разграничение доступа позволяет изменить настройки защитного ПО.";"";"ПО является средством защиты или его программным интерфейсом управления; нарушитель имеет доступ к интерфейсу и знает формат конфигурации.";"Угроза заключается в возможности осуществления нарушителем несанкционированного изменения параметров настройки средства защиты информации. Данная угроза обусловлена слабостями мер разграничения доступа к конфигурационным файлам средства защиты информации. Реализация данной угрозы возможна при условии получения нарушителем прав доступа к программному интерфейсу управления средством защиты информации, а также при наличии у нарушителя сведений о структуре и формате файлов конфигурации средства защиты информации";"Внешний нарушитель с низким потенциалом; Внутренний нарушитель с низким потенциалом";"1";"1";"1";"Опубликована";"2016-06-23 00:00:00";"2019-02-11 00:00:00";"";"thrlist.xlsx · Sheet · строка 187"
"УБИ.186";"Угроза внедрения вредоносного кода через рекламу, сервисы и контент";"Сетевое программное обеспечение";"Для отдельных классов ПО";"Веб и сетевые сервисы";"";"ПО показа рекламы, браузер и обработчик внешнего контента";"Вредоносный код поступает через исполняемые рекламу, сервисы и контент либо программы с рекламными функциями.";"";"ПО отображает внешний веб-контент или рекламу; пользователь посещает сайты либо активирует их содержимое, а контроль не предотвращает выполнение кода.";"Угроза заключается в возможности внедрения нарушителем в информационную систему вредоносного кода посредством рекламы, сервисов и (или) контента (т.е. убеждения пользователя системы активировать ссылку, код и др.) при посещении пользователем системы сайтов в сети Интернет или установкой программ с функцией показа рекламы.
Данная угроза обусловлена слабостями механизмов фильтрации сетевого трафика и антивирусного контроля на уровне организации.
Реализация данной угрозы возможна при условии посещения пользователями системы с рабочих мест сайтов в сети Интернет";"Внутренний нарушитель с низким потенциалом";"0";"1";"1";"Опубликована";"2016-06-23 00:00:00";"2019-02-11 00:00:00";"";"thrlist.xlsx · Sheet · строка 188"
"УБИ.187";"Угроза несанкционированного воздействия на средство защиты информации";"Средство защиты информации";"Для отдельных классов ПО";"Защитное ПО";"";"Программная среда управления средством защиты информации";"Несанкционированный доступ к программному управлению позволяет изменить режим защитного средства.";"";"ПО реализует средство защиты или управление им; нарушитель получает доступ к программному интерфейсу управления.";"Угроза заключается в возможности осуществления нарушителем несанкционированного доступа к программной среде управления средством защиты информации и изменения режима его функционирования.
Угроза обусловлена наличием у средств защиты информации программной среды управления и взаимодействия с пользователями системы.
Реализация данной угрозы возможна при условии получения нарушителем прав доступа к программному интерфейсу управления средством защиты информации";"Внешний нарушитель со средним потенциалом; Внутренний нарушитель со средним потенциалом";"1";"1";"1";"Опубликована";"2016-10-21 00:00:00";"2019-02-11 00:00:00";"";"thrlist.xlsx · Sheet · строка 189"
"УБИ.188";"Угроза подмены программного обеспечения";"Прикладное программное обеспечение, сетевое программное обеспечение, системное программное обеспечение";"Прямая";"Поставка и обновления";"";"Загружаемый и устанавливаемый программный продукт";"Вредоносная программа подменяет легитимное свободно распространяемое ПО.";"";"ПО загружается из Интернета и устанавливается пользователем с соответствующими правами; подлинность загружаемого ПО не обеспечена.";"Угроза заключается в возможности осуществления нарушителем внедрения в систему вредоносного программного обеспечения за счёт загрузки и установки вредоносного программного обеспечения, скрытого под видом легитимного свободно распространяемого программного обеспечения.
Данная угроза обусловлена наличием у пользователя прав для установки программного обеспечения из сети Интернет.
Реализация данной угрозы возможна при скачивании программного обеспечения в сети Интернет";"Внутренний нарушитель со средним потенциалом";"1";"1";"1";"Опубликована";"2016-10-21 00:00:00";"2019-02-11 00:00:00";"";"thrlist.xlsx · Sheet · строка 190"
"УБИ.189";"Угроза маскирования действий вредоносного кода";"Системное программное обеспечение, сетевое программное обеспечение";"Для отдельных классов ПО";"Защитное ПО";"";"Механизмы обнаружения и анализа вредоносного кода";"Маскирование кода препятствует его программному анализу и обнаружению устаревшими средствами защиты.";"";"Рассматривается защитное ПО или его интеграция; используются устаревшие версии средств защиты, не распознающие способы маскирования кода.";"Угроза заключается в возможности сокрытия в системе действий вредоносного кода за счет применения специальных механизмов маскирования кода (архивирование, изменение формата данных и др.), которые препятствуют его дальнейшему анализу.
Данная угроза обусловлена наличием способов маскирования программного кода, не учтенных сигнатурными базами средств защиты информации, а также механизмов операционной системы, позволяющих осуществить поиск модулей средств защиты информации.
Реализация данной угрозы возможна при условии использования в системе устаревших версий средств защиты информации";"Внешний нарушитель со средним потенциалом";"0";"1";"1";"Опубликована";"2016-10-21 00:00:00";"2019-02-08 00:00:00";"";"thrlist.xlsx · Sheet · строка 191"
"УБИ.190";"Угроза внедрения вредоносного кода за счет посещения зараженных сайтов в сети Интернет";"Сетевое программное обеспечение";"Для отдельных классов ПО";"Веб и сетевые сервисы";"";"Браузер и компонент выполнения содержимого веб-страниц";"Компрометация посещаемого сайта используется для внедрения кода в программную среду пользователя.";"";"ПО открывает внешние сайты; доступ пользователя в Интернет не ограничен, нарушителю известны посещаемые сайты, а средства контроля не блокируют код.";"Угроза заключается в возможности осуществления нарушителем внедрения вредоносного кода в компьютер пользователя при посещении зараженных сайтов. Нарушитель выявляет наиболее посещаемые пользователем сайты, затем их взламывает и внедряет в них вредоносный код. Данная угроза обусловлена слабостями мер антивирусной защиты, а также отсутствием правил межсетевого экранирования. Реализация данной угрозы возможна при:
неограниченном доступе пользователя в сеть Интернет;
наличии у нарушителя сведений о сайтах, посещаемых пользователем";"Внешний нарушитель со средним потенциалом";"1";"1";"1";"Опубликована";"2016-10-21 00:00:00";"2019-02-08 00:00:00";"";"thrlist.xlsx · Sheet · строка 192"
"УБИ.191";"Угроза внедрения вредоносного кода в дистрибутив программного обеспечения";"Прикладное программное обеспечение, сетевое программное обеспечение, системное программное обеспечение";"Прямая";"Поставка и обновления";"";"Дистрибутив программного обеспечения";"Вредоносный код непосредственно внедряется в устанавливаемый дистрибутив ПО.";"";"Используются сторонние недоверенные дистрибутивы без проверки перед установкой.";"Угроза заключается в возможности осуществления нарушителем заражения системы путем установки недоверенного дистрибутива, в который внедрен вредоносный код. Данная угроза обусловлена слабостями мер антивирусной защиты. Реализация данной угрозы возможна при: применении пользователем сторонних дистрибутивов; отсутствии антивирусной проверки перед установкой дистрибутива";"Внешний нарушитель с низким потенциалом; Внутренний нарушитель с низким потенциалом";"1";"1";"1";"Опубликована";"2016-10-21 00:00:00";"2020-02-11 00:00:00";"";"thrlist.xlsx · Sheet · строка 193"
"УБИ.192";"Угроза использования уязвимых версий программного обеспечения";"Прикладное программное обеспечение, сетевое программное обеспечение, системное программное обеспечение";"Прямая";"Поставка и обновления";"";"Версии ПО и используемые программные зависимости";"Эксплуатация уязвимой или неподдерживаемой версии прямо затрагивает безопасность ПО.";"";"Версия ПО не проверяется на уязвимости либо ее поддержка производителем прекращена.";"Угроза заключается в возможности осуществления нарушителем деструктивного воздействия на систему путём эксплуатации уязвимостей программного обеспечения. Данная угроза обусловлена слабостями механизмов анализа программного обеспечения на наличие уязвимостей. Реализация данной угрозы возможна при отсутствии проверки перед применением программного обеспечения на наличие в нем уязвимостей или использованием программного обеспечения, поддержка которого была прекращена производителем";"Внешний нарушитель с низким потенциалом; Внутренний нарушитель с низким потенциалом";"1";"1";"1";"Опубликована";"2016-10-21 00:00:00";"2020-11-25 00:00:00";"";"thrlist.xlsx · Sheet · строка 194"
"УБИ.193";"Угроза утечки информации за счет применения вредоносным программным обеспечением алгоритмов шифрования трафика";"Информационные ресурсы, объекты файловой системы";"Прямая";"Данные и файлы";"";"Обрабатываемые программой данные и исходящие программные соединения";"Внедренное ПО скрывает вывод защищаемых данных с помощью шифрованного трафика.";"";"Вредоносный код уже внедрен, имеет доступ к данным и возможность передавать их наружу при недостаточном контроле соединений.";"Угроза заключается в возможности утечки информации за счет применения вредоносным программным обеспечением алгоритмов шифрования трафика, скрывающих сам факт передачи данных.
Данная угроза обусловлена слабостями мер защиты информации при хранении, обработке и передаче информационных ресурсов.
Реализация данной угрозы возможна: 
при условии успешного внедрения в дискредитируемую систему указанного вредоносного программного обеспечения;
при отсутствии или недостаточной реализации мер межсетевого экранирования";"Внешний нарушитель со средним потенциалом";"1";"0";"0";"Опубликована";"2016-12-01 00:00:00";"2020-05-20 00:00:00";"";"thrlist.xlsx · Sheet · строка 195"
"УБИ.194";"Угроза несанкционированного использования привилегированных функций мобильного устройства";"Мобильное устройство";"Для отдельных классов ПО";"Системное ПО";"";"Операционная система мобильного устройства и ее привилегированные настройки";"Уязвимости мобильной ОС позволяют снять предустановленные ограничения привилегированных функций.";"";"Рассматривается мобильная ОС или управление ее привилегированными функциями; нарушитель имеет доступ к устройству и может использовать уязвимость ОС.";"Угроза заключается в возможности снятия нарушителем предустановленных производителем ограничений на конфигурирование привилегированных функций мобильного устройства. Данная угроза обусловлена наличием уязвимостей в операционных системах мобильного устройства, позволяющих получить доступ к настройкам привилегированных функций. 
Реализация данной угрозы возможна при получении нарушителем доступа к мобильному устройству";"Внешний нарушитель с высоким потенциалом";"1";"1";"1";"Опубликована";"2016-12-01 00:00:00";"2019-02-08 00:00:00";"";"thrlist.xlsx · Sheet · строка 196"
"УБИ.196";"Угроза контроля вредоносной программой списка приложений, запущенных на мобильном устройстве";"Мобильное устройство (аппаратное устройство)";"Для отдельных классов ПО";"Системное ПО";"";"Список запущенных мобильных приложений и доступ к сведениям о процессах";"Вредоносная программа получает сведения о работающих приложениях через мобильную программную среду.";"";"Рассматривается мобильное ПО или ОС; вредоносная программа внедрена и запущена пользователем, а контроль разрешенного ПО недостаточен.";"Угроза заключается в возможности использования вредоносной программы для контроля списка приложений, запущенных на мобильном устройстве.
Данная угроза обусловлена недостаточностью мер по антивирусной защите, что позволяет выполнить неконтролируемый запуск вредоносных программ (отсутствие контроля разрешенного программного обеспечения). Реализация данной угрозы возможна при условии, что вредоносная программа внедрена на мобильном устройстве и непреднамеренно запущена самим пользователем";"Внешний нарушитель с высоким потенциалом";"0";"1";"1";"Опубликована";"2017-06-07 00:00:00";"2019-02-08 00:00:00";"";"thrlist.xlsx · Sheet · строка 198"
"УБИ.197";"Угроза хищения аутентификационной информации из временных файлов cookie";"Информация, хранящаяся на компьютере во временных файлах (программное обеспечение)";"Для отдельных классов ПО";"Доступ и учетные данные";"";"Файлы cookie с аутентификационными данными";"Вредоносная программа извлекает аутентификационные данные из временных файлов.";"";"ПО использует сохраняемые cookie с аутентификационными данными; вредоносная программа имеет доступ к ним, остаточные данные не очищаются и, согласно исходному сценарию, открыт RDP-порт.";"Угроза заключается в возможности хищения с использованием вредоносной программы аутентификационной информации пользователей, их счетов, хранящейся во временных файлах cookie, и передачи этой информации нарушителям через открытый RDP-порт.
Данная угроза обусловлена недостаточностью мер антивирусной защиты, что позволяет выполнить неконтролируемый запуск вредоносного программного обеспечения (отсутствие контроля разрешенного программного обеспечения).
Кроме того, данная угроза обусловлена непринятием мер по стиранию остаточной информации из временных файлов (очистке временных файлов).
Реализация данной угрозы возможна при условии, что на атакуемом компьютере открыт RDP-порт";"Внешний нарушитель со средним потенциалом";"1";"0";"0";"Опубликована";"2017-06-07 00:00:00";"2019-02-08 00:00:00";"";"thrlist.xlsx · Sheet · строка 199"
"УБИ.198";"Угроза скрытной регистрации вредоносной программой учетных записей администраторов";"Система управления доступом, встроенная в операционную систему компьютера (программное обеспечение)";"Для отдельных классов ПО";"Системное ПО";"";"Механизм создания учетных записей администраторов ОС";"Вредоносная программа скрытно создает привилегированные учетные записи через систему управления доступом ОС.";"";"Рассматривается ОС или управление ее учетными записями; внедрен вредоносный код, недостаточно ограничено создание учетных записей и, согласно источнику, открыт RDP-порт.";"Угроза заключается в возможности скрытного создания внедренной вредоносной программой учетных записей с правами администратора с целью последующего их использования для несанкционированного доступа к пользовательской информации и к настройкам программного обеспечения, установленного на инфицированном компьютере.
Данная угроза обусловлена недостаточностью мер по антивирусной защите, что позволяет выполнить неконтролируемый запуск вредоносного программного обеспечения (отсутствие контроля разрешенного программного обеспечения).
Кроме того, данная угроза обусловлена недостаточностью мер по разграничению доступа (контроль создания учетных записей пользователей).
Реализация данной угрозы возможна при условии, что на атакуемом компьютере открыт RDP-порт";"Внешний нарушитель со средним потенциалом";"0";"1";"0";"Опубликована";"2017-06-07 00:00:00";"2019-02-08 00:00:00";"";"thrlist.xlsx · Sheet · строка 200"
"УБИ.199";"Угроза перехвата управления мобильного устройства при использовании виртуальных голосовых ассистентов";"Мобильное устройство и запущенные на  нем приложения (программное обеспечение, аппаратное устройство)";"Для отдельных классов ПО";"Доступ и учетные данные";"";"Голосовой ассистент и программная аутентификация голосовых команд";"Недостаточная проверка голоса позволяет управлять приложениями от имени пользователя.";"";"Мобильное ПО управляется активным голосовым ассистентом с низкой чувствительностью голосового идентификатора; нарушитель может воспроизвести запись речи владельца.";"Угроза заключается в возможности управления мобильным устройством и запущенными на нем приложениями от имени легального пользователя за счет передачи этих команд через виртуальных голосовых ассистентов (например, через Siri для IPhone).
Данная угроза обусловлена проблемами аутентификации пользователя, в частности по Voice ID. Голосовой ассистент не может быть полностью уверен в том, что обращающийся к нему голос принадлежит владельцу устройства, поэтому для удобства пользователей и гарантии срабатывания устанавливается низкая чувствительность Voice ID. Это позволяет нарушителю использовать записанную на диктофон речь владельца мобильного устройства. Реализация данной угрозы возможна при условии, что виртуальный голосовой ассистент находится в активном состоянии (то есть, не отключен) и установлена низкая чувствительность голосового идентификатора";"Внешний нарушитель со средним потенциалом";"1";"0";"1";"Опубликована";"2017-06-07 00:00:00";"2019-02-08 00:00:00";"";"thrlist.xlsx · Sheet · строка 201"
"УБИ.200";"Угроза хищения информации с мобильного устройства при использовании виртуальных голосовых ассистентов";"Данные пользователя мобильного устройства (аппаратное устройство)";"Для отдельных классов ПО";"Доступ и учетные данные";"";"Голосовой ассистент и доступ к пользовательским данным";"Слабая голосовая аутентификация позволяет получить данные через программные функции ассистента.";"";"Активный голосовой ассистент имеет доступ к данным и низкую чувствительность голосового идентификатора; нарушитель может воспроизвести запись речи владельца.";"Угроза заключается в возможности хищения данных пользователя с его мобильного устройства через виртуальных голосовых ассистентов (например, через Siri для IPhone).
Данная угроза обусловлена проблемами аутентификации пользователя, в частности по Voice ID. Голосовой ассистент не может быть полностью уверен в том, что обращающейся к нему голос принадлежит владельцу устройства, поэтому для удобства пользователей и гарантии срабатывания устанавливается низкая чувствительность Voice ID. Это позволяет нарушителю использовать записанную на диктофон речь владельца мобильного устройства. Реализация данной угрозы возможна при условии, что виртуальный голосовой ассистент находится в активном состоянии (то есть не отключен) и установлена низкая чувствительность голосового идентификатора";"Внешний нарушитель со средним потенциалом";"1";"0";"0";"Опубликована";"2017-06-07 00:00:00";"2019-02-08 00:00:00";"";"thrlist.xlsx · Sheet · строка 202"
"УБИ.201";"Угроза утечки пользовательских данных при использовании функций автоматического заполнения аутентификационной информации в браузере";"Аутентификационные данные пользователя (программное обеспечение)";"Для отдельных классов ПО";"Доступ и учетные данные";"";"Браузерное хранилище данных автозаполнения форм авторизации";"Открытое хранение данных автозаполнения создает возможность их утечки.";"";"ПО является браузером или использует его автозаполнение; функция включена и хранит данные авторизации в открытом виде.";"Угроза заключается в возможности утечки пользовательских данных за счет использования реализованной в браузерах функции автоматического заполнение форм авторизации.
Реализация данной угрозы обусловлена хранением в браузерах в открытом виде пользовательских данных, используемых для автозаполнения форм авторизации.
Реализация данной угрозы возможна при условии, что пользователь использует браузер, в котором реализована и активирована функция автоматического заполнения форм авторизации";"Внешний нарушитель со средним потенциалом";"1";"0";"0";"Опубликована";"2017-06-07 00:00:00";"2019-02-08 00:00:00";"";"thrlist.xlsx · Sheet · строка 203"
"УБИ.202";"Угроза несанкционированной установки приложений на мобильные устройства";"Мобильные устройства (аппаратное устройство, программное обеспечение)";"Для отдельных классов ПО";"Виртуализация и контейнеры";"";"Android-среда запуска приложений и виртуальная машина мобильного устройства";"Вредоносное ПО запускает виртуальную машину и устанавливает в ней приложения без разрешения.";"";"Рассматривается Android-платформа с возможностью запуска виртуальной машины; внедрена программа, способная запустить эту машину и устанавливать в нее приложения.";"Угроза заключается в возможности установки приложений на виртуальные машины мобильных устройств, работающих под управлением операционной системы Android, несанкционированно запущенных внедренной вредоносной программой. Вредоносная программа запускает виртуальную машину на мобильном устройстве, размещает (устанавливает) в этой виртуальной машине неограниченное количество приложений.
Данная угроза обусловлена недостаточностью мер по контролю за запуском прикладного программного обеспечения, что позволяет выполнить неконтролируемый запуск вредоносного прикладного программного обеспечения по факту совершения пользователем различных действий в системе (например, при попытке закрытия пользователем нежелательной рекламы).
Реализация данной угрозы возможна при условии наличия на мобильном устройстве вредоносной программы, способной запустить виртуальную машину и установить в эту виртуальную машину приложение";"Внешний нарушитель со средним потенциалом";"1";"0";"0";"Опубликована";"2017-06-07 00:00:00";"2019-02-08 00:00:00";"";"thrlist.xlsx · Sheet · строка 204"
"УБИ.205";"Угроза нарушения работы компьютера и блокирования доступа к его данным из-за некорректной работы установленных на нем средств защиты";"Аппаратное устройство, программное обеспечение";"Для отдельных классов ПО";"Защитное ПО";"";"Программная функция блокирования файлов средством защиты";"Ошибочное решение защитной программы блокирует файлы и доступ к данным.";"";"Установленное защитное ПО реализует блокирование файлов и может ошибочно блокировать нужные программе или пользователю файлы.";"Угроза заключается в возможности нарушения работы компьютера и отказа в доступе к его данным за счет ошибочного блокирования средством защиты информации файлов.
Реализация данной угрозы обусловлена тем, что на компьютере установлено средство защиты информации, реализующее функцию блокирования файлов";"Внешний нарушитель с низким потенциалом";"0";"0";"1";"Опубликована";"2017-09-01 00:00:00";"2019-02-08 00:00:00";"";"thrlist.xlsx · Sheet · строка 207"
"УБИ.208";"Угроза нецелевого использования вычислительных ресурсов средства вычислительной техники";"Средство вычислительной техники, мобильное устройство";"Для отдельных классов ПО";"Системное ПО";"";"Программная среда исполнения и механизмы ограничения запуска программ";"Источник связывает запуск сторонних вычислений с недостаточным ограничением программной среды и антивирусной защитой. Применимость ограничена ПО, которое отвечает за эти функции.";"";"Анализируется ОС, среда исполнения или защитное ПО, контролирующее установку и запуск программ. Недостаточность контроля позволяет выполнить сторонний вычислительный код; само наличие майнера на устройстве не делает угрозу применимой к любому установленному приложению.";"Угроза заключается в возможности использования вычислительных ресурсов средств вычислительной техники для осуществления сторонних вычислительных процессов.
Угроза реализуется за счет внедрения в средства вычислительной техники вредоносной программы, содержащей код, реализующий использования вычислительных ресурсов для своих нужд (в частности, для майнинга криптовалюты).
Данная угроза обусловлена недостаточностью следующих мер защиты информации:
мер по антивирусной защите, что позволяет выполнить установку и запуск вредоносной программы;
мер по ограничению программной среды, что позволяют нарушителю осуществлять бесконтрольный запуск программных компонентов.";"Внешний нарушитель с низким потенциалом; Внутренний нарушитель с низким потенциалом; Внешний нарушитель со средним потенциалом; Внутренний нарушитель со средним потенциалом";"0";"0";"1";"Опубликована";"2018-04-10 00:00:00";"2019-02-08 00:00:00";"";"thrlist.xlsx · Sheet · строка 210"
"УБИ.210";"Угроза нарушения работы информационной системы, вызванного обновлением используемого в ней программного обеспечения";"Аппаратное устройство, микропрограммное, системное и прикладное программное обеспечение";"Для отдельных классов ПО";"Поставка и обновления";"";"Устанавливаемые обновления системного ПО и зависящие от него программные компоненты";"Некорректное обновление нарушает работу непосредственно программных элементов.";"";"Анализируется обновляемое системное ПО либо программный продукт, работа которого зависит от него. Устанавливаемый патч системного компонента содержит ошибки или нарушает совместимость, что вызывает отказ программных компонентов.";"Угроза заключается в возможном нарушении функционирования программных, программно-аппаратных элементов информационной системы или информационной системы в целом из-за некорректной работы установленных обновлений (патчей) системного программного обеспечения.
Угроза обусловлена наличием критических ошибок, дефектов, уязвимостей в используемом программном обеспечении информационной системы.
Реализация данной угрозы возможна при условии установки обновлений на программно-аппаратные компоненты информационной системы";"Внутренний нарушитель с высоким потенциалом";"0";"1";"1";"Опубликована";"2018-11-19 00:00:00";"2019-02-08 00:00:00";"";"thrlist.xlsx · Sheet · строка 212"
"УБИ.211";"Угроза использования непроверенных пользовательских данных при формировании конфигурационного файла, используемого программным обеспечением администрирования информационных систем";"Системное программное обеспечение";"Для отдельных классов ПО";"Системное ПО";"";"Генератор конфигурации и ПО администрирования";"Непроверенные пользовательские данные попадают в конфигурацию и изменяют поведение административного ПО.";"";"ПО администрирования принимает конфигурационные файлы, сформированные на основе пользовательского ввода без достаточной проверки.";"Угроза заключается в возможности деструктивного воздействия на информационную систему и обрабатываемую ею информацию в результате работы программного обеспечения, используемого для администрирования информационных систем.
Данная угроза связана со слабостями процедуры проверки пользовательских данных, используемых при формировании конфигурационного файла для программного обеспечения администрирования информационных систем.
Реализация данной угрозы возможна в случае, если в информационной системе используется программное обеспечение администрирования информационных систем, которое в качестве исходных данных использует конфигурационные файлы, сформированные на основе пользовательских данных";"Внутренний нарушитель с низким потенциалом";"1";"1";"0";"Опубликована";"2018-11-19 00:00:00";"2019-02-08 00:00:00";"";"thrlist.xlsx · Sheet · строка 213"
"УБИ.212";"Угроза перехвата управления информационной системой";"Инфраструктура информационных систем";"Для отдельных классов ПО";"Системное ПО";"";"Программные средства централизованного управления и их интерфейсы";"Средства управления подменяются через доступные программные интерфейсы; это прямой сценарий для административного ПО.";"";"Продукт реализует централизованное управление системой или компонентами; нарушитель может взаимодействовать с его интерфейсами, а разграничение доступа недостаточно.";"Угроза заключается в возможности осуществления нарушителем несанкционированного доступа к информационным, программным и вычислительным ресурсам информационной системы в результате подмены средств централизованного управления информационной системой или её компонентами.
Данная угроза обусловлена наличием у средств централизованного управления программных интерфейсов взаимодействия с другими субъектами доступа (процессами, программами) и, как следствие, возможностью несанкционированного доступа к данным средствам централизованного управления, а также недостаточностью мер по разграничению доступа к ним.
Реализация данной угрозы возможна при условии наличия у нарушителя прав на осуществление взаимодействия со средствами централизованного управления";"Внутренний нарушитель со средним потенциалом";"1";"1";"1";"Опубликована";"2018-11-19 00:00:00";"2019-02-08 00:00:00";"";"thrlist.xlsx · Sheet · строка 214"
"УБИ.213";"Угроза обхода многофакторной аутентификации";"Системное программное обеспечение, микропрограммное обеспечение, учетные данные пользователя";"Прямая";"Доступ и учетные данные";"";"Программные компоненты многофакторной аутентификации";"Внедрение кода в компоненты MFA позволяет обойти проверку дополнительных факторов.";"";"ПО использует многофакторную аутентификацию; вредоносный код может попасть в участвующие компоненты через недоверенные файлы или установку программ пользователем.";"Угроза заключается в возможности обхода многофакторной аутентификации путем внедрения вредоносного кода в дискредитируемую систему и компоненты, участвующие в процедуре многофакторной аутентификации.
Данная угроза обусловлена:
наличием уязвимостей программного обеспечения;
слабостями мер антивирусной защиты и разграничения доступа.
Реализация данной угрозы возможна:
в случае работы дискредитируемого пользователя с файлами, поступающими из недоверенных источников;
при наличии у него привилегий установки программного обеспечения";"Внешний нарушитель с высоким потенциалом";"1";"1";"1";"Опубликована";"2018-11-19 00:00:00";"2019-02-08 00:00:00";"";"thrlist.xlsx · Sheet · строка 215"
"УБИ.214";"Угроза несвоевременного выявления и реагирования компонентами информационной (автоматизированной) системы (в том числе средствами защиты информации) на события безопасности информации";"Программное обеспечение, каналы связи (передачи) данных";"Для отдельных классов ПО";"Защитное ПО";"";"Регистрация, мониторинг и обработка событий безопасности";"Отсутствие или неверная настройка программной регистрации и анализа приводит к пропуску событий и запоздалой реакции.";"";"ПО отвечает за регистрацию, обнаружение или обработку событий безопасности; соответствующие механизмы отсутствуют либо настроены некорректно.";"Угроза заключается в пропуске и/или значительной временной задержке определения (выявления) событий безопасности информации, что приводит к отсутствию реакции на попытки несанкционированного доступа в информационную (автоматизированную) систему, на внедрение вредоносных программ.
Данная угроза обусловлена некорректной настройкой компонентов информационной (автоматизированной) системы и/или средств защиты информации, а также отсутствием таких компонентов и/или средств защиты информации.
Реализация данной угрозы возможна при отсутствии мер защиты, связанных с мониторингом, сбором и анализом данных о событиях информационной безопасности (отсутствием мер регистрации событий безопасности)";"Внутренний нарушитель со средним потенциалом";"0";"1";"1";"Опубликована";"2019-11-15 00:00:00";"2019-11-15 00:00:00";"";"thrlist.xlsx · Sheet · строка 216"
"УБИ.215";"Угроза несанкционированного доступа к системе при помощи сторонних сервисов";"Программное обеспечение (программы)";"Прямая";"Веб и сетевые сервисы";"";"Скомпрометированный программный компонент и его взаимодействие со сторонними сервисами";"Легитимные внешние сервисы используются для дальнейшего деструктивного программного воздействия.";"";"Программная среда уже скомпрометирована и может обращаться к сторонним сервисам, используемым нарушителем как посредники.";"Угроза заключается в возможности осуществления нарушителем деструктивного программного воздействия на дискредитируемую систему с использованием сторонних легитимных сервисов (социальных сетей, мессенджеров, репозиториев кода и т.п.), используемых в качестве посредника.
Реализация данной угрозы возможна если дискредитируемая система уже скомпрометирована.";"Внешний нарушитель со средним потенциалом";"1";"1";"1";"Опубликована";"2019-11-15 00:00:00";"2019-11-15 00:00:00";"";"thrlist.xlsx · Sheet · строка 217"
"УБИ.216";"Угроза получения несанкционированного доступа к приложениям, установленным на Smart-картах";"Программное обеспечение (программы)";"Для отдельных классов ПО";"Код и выполнение";"";"Приложения, устанавливаемые на Java Card";"Специальные команды эксплуатируют уязвимости именно приложений Smart-карты.";"";"ПО представляет собой приложение на Smart-карте Java Card и доступно для специально сформированных команд управления.";"Угроза заключается в возможности осуществления нарушителем несанкционированного доступа к приложениям, установленным на Smart-картах путем отправки специально сформированных команд управления (например, специально сформированных SMS-сообщений, отправленных на SIM-карту).
Данная угроза обусловлена наличием уязвимостей в приложениях, устанавливаемых на Smart-карты.
Реализация данной угрозы возможна при использовании Smart-карт типа Java Card";"Внешний нарушитель со средним потенциалом";"1";"1";"1";"Опубликована";"2019-11-15 00:00:00";"2019-11-15 00:00:00";"";"thrlist.xlsx · Sheet · строка 218"
"УБИ.217";"Угроза использования скомпрометированного доверенного источника обновлений программного обеспечения";"Информационная система, файлы";"Прямая";"Поставка и обновления";"";"Канал получения обновлений и обновляемые программные файлы";"Компрометация доверенного источника поставляет вредоносный код через обновления.";"";"ПО получает обновления с доверенного сервера, который скомпрометирован нарушителем.";"Угроза заключается в возможности внедрения вредоносного кода в информационную систему за счет использования скомпрометированных доверенных источников обновлений программного обеспечения.
Реализация данной угрозы возможна при использовании скомпрометированных доверенных серверов обновлений программного обеспечения";"Внутренний нарушитель со средним потенциалом; Внешний нарушитель со средним потенциалом";"1";"1";"1";"Опубликована";"2020-02-11 00:00:00";"2020-02-11 00:00:00";"";"thrlist.xlsx · Sheet · строка 219"
"УБИ.218";"Угроза раскрытия информации о модели машинного обучения";"Программное обеспечение (программы), использующее машинное обучение; модели машинного обучения";"Для отдельных классов ПО";"Машинное обучение";"";"Модель машинного обучения и сведения о ней";"Недостаточное разграничение доступа раскрывает используемую программой модель.";"";"ПО использует машинное обучение; нарушитель имеет непосредственный доступ к модели при недостаточном разграничении доступа.";"Угроза заключается в возможности раскрытия нарушителем информации о модели машинного обучения, используемой в информационной (автоматизированной) системе.
Данная угроза обусловлена слабостями разграничения доступа в информационных (автоматизированных) системах, использующих машинное обучение.
Реализация данной угрозы возможна при наличии у нарушителя непосредственного доступа к модели машинного обучения";"Внешний нарушитель с высоким потенциалом; Внутренний нарушитель со средним потенциалом";"1";"0";"0";"Архивная";"2020-12-15 00:00:00";"2025-12-19 00:00:00";"Сведения об угрозе утратили свою актуальность в связи с опубликованием нового подраздела банка данных угроз ""Угрозы безопасности информации систем искусственного интеллекта"" (https://bdu.fstec.ru/threat/ai)";"thrlist.xlsx · Sheet · строка 220"
"УБИ.219";"Угроза хищения обучающих данных";"Программное обеспечение (программы), использующее машинное обучение; обучающие данные машинного обучения";"Для отдельных классов ПО";"Машинное обучение";"";"Обучающие данные машинного обучения";"Неправомерный доступ позволяет похитить наборы данных, используемые для обучения.";"";"ПО использует обучающие данные; нарушитель имеет непосредственный доступ к ним при недостаточном разграничении доступа.";"Угроза заключается в возможности хищения нарушителем обучающих данных, используемых в информационной (автоматизированной) системе, реализующей технологии искусственного интеллекта.
Данная угроза обусловлена слабостями разграничения доступа к обучающим данным, используемым в информационной (автоматизированной) системе.
Реализация данной угрозы возможна при наличии у нарушителя непосредственного доступа к обучающим данным";"Внешний нарушитель со средним потенциалом; Внутренний нарушитель со средним потенциалом";"1";"0";"0";"Архивная";"2020-12-15 00:00:00";"2025-12-19 00:00:00";"Сведения об угрозе утратили свою актуальность в связи с опубликованием нового подраздела банка данных угроз ""Угрозы безопасности информации систем искусственного интеллекта"" (https://bdu.fstec.ru/threat/ai)";"thrlist.xlsx · Sheet · строка 221"
"УБИ.220";"Угроза нарушения функционирования («обхода») средств, реализующих технологии искусственного интеллекта";"Программное обеспечение (программы), реализующие технологии искусственного интеллекта";"Для отдельных классов ПО";"Машинное обучение";"";"Модель машинного обучения и функции ПО на ее основе";"Недостатки модели и обучающей выборки позволяют нарушить или обойти функции ИИ.";"";"ПО реализует функции искусственного интеллекта, а в обучающей выборке отсутствуют необходимые данные либо модель содержит недостатки.";"Угроза заключается в возможности нарушения функционирования («обхода») нарушителем средств, реализующих технологии искусственного интеллекта.
Данная угроза обусловлена следующими причинами:
- отсутствие в обучающей выборке необходимых данных;
- наличием недостатков модели машинного обучения;";"Внешний нарушитель с высоким потенциалом; Внутренний нарушитель со средним потенциалом";"1";"0";"0";"Архивная";"2020-12-15 00:00:00";"2025-12-19 00:00:00";"Сведения об угрозе утратили свою актуальность в связи с опубликованием нового подраздела банка данных угроз ""Угрозы безопасности информации систем искусственного интеллекта"" (https://bdu.fstec.ru/threat/ai)";"thrlist.xlsx · Sheet · строка 222"
"УБИ.221";"Угроза модификации модели машинного обучения путем искажения («отравления») обучающих данных";"Программное обеспечение (программы), использующее машинное обучение; модели машинного обучения; обучающие данные машинного обучения";"Для отдельных классов ПО";"Машинное обучение";"";"Процесс обучения, обучающие данные и модель";"Воздействие на обучение через искаженные данные изменяет поведение модели.";"";"ПО обучает или дообучает модель; нарушитель может воздействовать на процесс обучения при недостатках его реализации или алгоритмов.";"Угроза заключается в возможности модификации (искажения) модели машинного обучения, используемой в информационной (автоматизированной) системе, реализующей технологии искусственного интеллекта.
Данная угроза обусловлена:
- недостатками реализации процесса машинного обучения;
- недостатками устройства алгоритмов машинного обучения.
Реализация данной угрозы возможна при наличии у нарушителя возможности воздействовать на процесс машинного обучения";"Внешний нарушитель с высоким потенциалом; Внутренний нарушитель со средним потенциалом";"0";"1";"0";"Архивная";"2020-12-15 00:00:00";"2025-12-19 00:00:00";"Сведения об угрозе утратили свою актуальность в связи с опубликованием нового подраздела банка данных угроз ""Угрозы безопасности информации систем искусственного интеллекта"" (https://bdu.fstec.ru/threat/ai)";"thrlist.xlsx · Sheet · строка 223"
"УБИ.222";"Угроза подмены модели машинного обучения";"Программное обеспечение (программы), использующее машинное обучение; модели машинного обучения";"Для отдельных классов ПО";"Машинное обучение";"";"Хранимая или загружаемая модель машинного обучения";"Недостаточное разграничение доступа позволяет подменить используемую ПО модель.";"";"ПО использует машинное обучение; нарушитель имеет непосредственный доступ к модели, достаточный для ее подмены.";"Угроза заключается в возможности подмены нарушителем модели машинного обучения, используемой в информационной (автоматизированной) системе, реализующей технологии искусственного интеллекта.
Данная угроза обусловлена слабостями разграничения доступа в информационных (автоматизированных) системах, использующих машинное обучение.
Реализация данной угрозы возможна при наличии у нарушителя непосредственного доступа к модели машинного обучения";"Внутренний нарушитель с высоким потенциалом";"1";"1";"0";"Архивная";"2020-12-15 00:00:00";"2025-12-19 00:00:00";"Сведения об угрозе утратили свою актуальность в связи с опубликованием нового подраздела банка данных угроз ""Угрозы безопасности информации систем искусственного интеллекта"" (https://bdu.fstec.ru/threat/ai)";"thrlist.xlsx · Sheet · строка 224"
"УБИ.223";"Угроза несанкционированного доступа к контейнерам, предоставляющего пользователям расширенные привилегии";"Docker-контейнер";"Для отдельных классов ПО";"Виртуализация и контейнеры";"";"Привилегированный Docker-контейнер";"Доступ к контейнеру с повышенными привилегиями дает расширенные программные права.";"";"ПО запускается в Docker-контейнере с повышенными привилегиями; нарушитель имеет доступ к контейнеру и права для работы с ним.";"Угроза заключается в возможности осуществления нарушителем деструктивного программного воздействия путем получения повышенных привилегий при несанкционированном использовании docker-контейнера.
Данная угроза обусловлена наличием у docker-контейнеров повышенных привилегий для работы в системе.
Реализация данной угрозы возможна при условии наличия у нарушителя доступа к docker-контейнеру и привилегий, достаточных для работы с ним";"Внешний нарушитель с низким потенциалом; Внутренний нарушитель с низким потенциалом";"1";"1";"1";"Опубликована";"2025-06-04 00:00:00";"2025-06-04 00:00:00";"";"thrlist.xlsx · Sheet · строка 225"
"УБИ.224";"Угроза нарушения целостности (подмены) контейнеров";"Информационная система, сетевой узел, носитель информации, объекты файловой системы, учетные данные пользователя, образ docker-контейнера";"Для отдельных классов ПО";"Виртуализация и контейнеры";"";"Docker-контейнер и обеспечивающая его изоляцию программная среда";"Уязвимости контейнерного ПО позволяют подменить среду и скомпрометировать контейнер вместе с защитными средствами.";"";"ПО использует Docker; уязвимости среды контейнеризации и описанные в источнике слабости аппаратной поддержки позволяют запуск воздействующего контейнера.";"Угроза заключается в возможности запуска нарушителем собственного docker-контейнера, функционирующего по уровню логического воздействия ниже компрометируемого docker-контейнера.
Данная угроза обусловлена уязвимостями программного обеспечения docker-контейнера, реализующего функцию изолированной программной среды для функционирующих в ней программ, а также слабостями инструкций аппаратной поддержки контейнеризации на уровне процессора.
Реализация данной угрозы приводит не только к компрометации docker-контейнера, но и запущенных в созданной им среде средств защиты";"Внешний нарушитель со средним потенциалом; Внутренний нарушитель со средним потенциалом";"1";"1";"1";"Опубликована";"2025-06-04 00:00:00";"2025-06-04 00:00:00";"";"thrlist.xlsx · Sheet · строка 226"
"УБИ.225";"Угроза нарушения изоляции контейнеров";"Сервер, рабочая станция, docker-контейнер, машинный носитель информации, метаданные";"Для отдельных классов ПО";"Виртуализация и контейнеры";"";"Служба контейнеризации, код и настройки Docker-контейнеров";"Уязвимости программной изоляции позволяют изменить код и настройки своего или чужих контейнеров.";"";"ПО использует Docker; нарушитель или вредоносная программа получили несанкционированный доступ к контейнеру и могут эксплуатировать уязвимость службы контейнеризации.";"Угроза заключается в возможности нарушения целостности изолированного программного кода своего и (или) других docker-контейнеров, а также параметров его (их) настроек.
Данная угроза обусловлена наличием уязвимостей программного кода службы контейнеризации, обеспечиваемого изолированность программной среды и защиты от несанкционированного доступа со стороны нарушителя.
Реализация данной угрозы возможна при условии осуществления успешно реализованного несанкционированного доступа со стороны нарушителя и (или) вредоносной программы к docker-контейнеру.";"Внешний нарушитель с низким потенциалом; Внутренний нарушитель с низким потенциалом";"0";"1";"1";"Опубликована";"2025-06-04 00:00:00";"2025-06-04 00:00:00";"";"thrlist.xlsx · Sheet · строка 227"
"УБИ.226";"Угроза внедрения вредоносного программного обеспечения в контейнеры";"Docker-контейнер";"Для отдельных классов ПО";"Виртуализация и контейнеры";"";"Программное содержимое Docker-контейнера";"Преодоление границ контейнера через уязвимую службу позволяет внедрить вредоносное ПО.";"";"ПО работает в Docker-контейнере; вредоносный код может преодолеть границы контейнера через уязвимость службы контейнеризации или воздействие с другого уровня.";"Угроза заключается в возможности нарушителя внедрения вредоносного программного обеспечения в существующий docker-контейнер для дальнейшего деструктивного воздействия на объекты системы.
Данная угроза обусловлена наличием уязвимостей программного кода службы контейнеризации, обеспечиваемого изолированность программной среды и защиты от несанкционированного доступа со стороны нарушителя.
Реализация данной угрозы возможна при условии успешного преодоления вредоносным программным кодом границ docker-контейнера за счет эксплуатации уязвимостей службы контейнеризации и воздействия с других уровней функционирования системы.";"Внешний нарушитель со средним потенциалом; Внутренний нарушитель со средним потенциалом";"1";"1";"1";"Опубликована";"2025-06-04 00:00:00";"2025-06-04 00:00:00";"";"thrlist.xlsx · Sheet · строка 228"
"УБИ.227";"Угроза модификации (подмены) образов контейнеров";"Образ docker-контейнера, сетевой узел, сетевое программное обеспечение, docker-контейнер";"Для отдельных классов ПО";"Виртуализация и контейнеры";"";"Образы Docker-контейнеров и программные шаблоны развертывания";"Несанкционированное изменение образа распространяет вредоносный код в создаваемые контейнеры.";"";"ПО поставляется или развертывается в Docker; слабости разграничения доступа позволяют изменять образы контейнеров.";"Угроза заключается в возможности осуществления деструктивного программного воздействия на дискредитируемую систему или опосредованного деструктивного программного воздействия через нее на другие системы путем осуществления несанкционированного доступа к образам docker-контейнеров.
Данная угроза обусловлена слабостями мер разграничения доступа к образам docker-контейнеров, реализованных в программном обеспечении контейнеризации.
Реализация данной угрозы может привести к нарушению конфиденциальности информации, целостности программного обеспечения и доступности ресурсов docker-контейнеров, а также создания ботнета путем внедрения вредоносного программного обеспечения в образы docker-контейнеров, используемых в качестве шаблонов.";"Внешний нарушитель со средним потенциалом; Внутренний нарушитель со средним потенциалом";"1";"1";"1";"Опубликована";"2025-06-04 00:00:00";"2025-06-04 00:00:00";"";"thrlist.xlsx · Sheet · строка 229"